PD,ROI,FD,,
0.151656940579,1,0.031999996,,
0.155160710216,1,0.062999895,,
0.160675480962,1,0.094000032,,
0.161758974195,1,0.140999964,,
0.167753234506,1,0.172000101,,
0.169309869409,1,0.203,,
0.165582388639,1,0.235000065,,
0.163595706224,1,0.265999964,,
0.170487344265,1,0.297000101,,
0.168771892786,1,0.328,,
0.168139323592,1,0.374999931,,
0.170351117849,1,0.406999996,,
0.163327023387,1,0.437999895,,
0.188769981265,1,0.469000032,,
0.175009995699,1,0.499999931,,
0.171310424805,1,0.531999996,,
0.17646664381,1,0.578,,
0.174737304449,1,0.610000065,,
0.179308414459,1,0.672000101,,
0.181277260184,1,0.703,,
0.174953013659,1,0.031999996,,
0.171867772937,1,0.062999895,,
0.172420844436,1,0.094000032,,
0.168974846601,1,0.140999964,,
0.17063382268,1,0.172000101,,
0.177001029253,1,0.203,,
0.184468239546,1,0.235000065,,
0.167815238237,1,0.265999964,,
0.164283901453,1,0.297000101,,
0.179091468453,1,0.328,,
0.177687391639,1,0.374999931,,
0.189180761576,1,0.406999996,,
0.171612650156,1,0.437999895,,
0.168537318707,1,0.469000032,,
0.161814540625,1,0.499999931,,
0.171550184488,1,0.531999996,,
0.172707274556,1,0.578,,
0.176779210567,1,0.610000065,,
0.169947594404,1,0.672000101,,
0.15576313436,1,0.703,,
0.163015186787,1,0.735000065,,
0.177319869399,1,0.765999964,,
0.170521825552,1,0.797000101,,
0.175851553679,1,0.844000032,,
0.177801012993,1,0.874999931,,
0.175978466868,1,0.906999996,,
0.176372900605,1,0.937999895,,
0.0809626579285,2,0.031999996,,
0.106399990618,2,0.062999895,,
0.061744235456,2,0.094000032,,
0.0455334670842,2,0.140999964,,
0.141798049212,2,0.172000101,,
0.160922601819,1,0.031999996,,
0.185781374574,1,0.062999895,,
0.205900833011,1,0.094000032,,
0.183664351702,1,0.140999964,,
0.181009948254,1,0.172000101,,
0.189543396235,2,0.031999996,,
0.18024776876,2,0.062999895,,
0.19095697999,2,0.094000032,,
0.190026789904,2,0.140999964,,
0.187646955252,2,0.172000101,,
0.184060111642,2,0.203,,
0.197840705514,2,0.235000065,,
0.199667543173,2,0.265999964,,
0.193774133921,2,0.297000101,,
0.184423431754,2,0.328,,
0.195749014616,2,0.374999931,,
0.191079974174,2,0.406999996,,
0.190486937761,2,0.437999895,,
0.197165757418,2,0.469000032,,
0.179922938347,2,0.499999931,,
0.174433514476,2,0.531999996,,
0.188506931067,2,0.578,,
0.189682796597,2,0.610000065,,
0.186768129468,2,0.672000101,,
0.181510433555,2,0.703,,
0.176411822438,2,0.735000065,,
0.188998788595,2,0.765999964,,
0.188959151506,2,0.797000101,,
0.177193552256,2,0.844000032,,
0.182119205594,2,0.874999931,,
0.183627173305,2,0.906999996,,
0.177898362279,2,0.937999895,,
0.181406646967,2,0.969000032,,
0.179524064064,2,0.999999931,,
0.177071049809,2,1.031999996,,
0.184802621603,2,1.062999895,,
0.168903648853,2,1.110000065,,
0.176874235272,2,1.140999964,,
0.19647565484,2,1.172000101,,
0.184514388442,2,1.203,,
0.18219833076,2,1.235000065,,
0.183524563909,2,1.265999964,,
0.181133240461,2,1.297000101,,
0.185245379806,2,1.344000032,,
0.165322676301,2,0.031999996,,
0.183829516172,2,0.062999895,,
0.186450064182,2,0.094000032,,
0.176523059607,2,0.140999964,,
0.181876242161,2,0.172000101,,
0.18675597012,2,0.203,,
0.184311524034,2,0.235000065,,
0.180814355612,2,0.265999964,,
0.172282546759,2,0.297000101,,
0.172127515078,2,0.328,,
0.164868563414,2,0.374999931,,
0.174773663282,2,0.406999996,,
0.182242333889,2,0.437999895,,
0.173244684935,2,0.469000032,,
0.183850377798,2,0.499999931,,
0.180714935064,2,0.531999996,,
0.182731926441,2,0.578,,
0.155937284231,2,0.610000065,,
0.177785590291,2,0.672000101,,
0.167876720428,2,0.703,,
0.165607467294,2,0.735000065,,
0.178801462054,2,0.765999964,,
0.166198059916,2,0.797000101,,
0.162819519639,2,0.844000032,,
0.158484846354,2,0.874999931,,
0.173533573747,2,0.906999996,,
0.177879482508,2,0.937999895,,
0.159664452076,2,0.969000032,,
0.178866222501,2,0.999999931,,
0.174221217632,1,0.031999996,,
0.174897909164,1,0.062999895,,
0.177064046264,1,0.094000032,,
0.182014212012,1,0.140999964,,
0.17912659049,1,0.172000101,,
0.179725989699,1,0.203,,
0.17932407558,1,0.235000065,,
0.187697038054,1,0.265999964,,
0.183097288013,1,0.297000101,,
0.173322886229,1,0.328,,
0.175121277571,1,0.374999931,,
0.183979541063,1,0.406999996,,
0.167148545384,1,0.437999895,,
0.167080953717,1,0.469000032,,
0.195346161723,1,0.499999931,,
0.182717621326,1,0.531999996,,
0.182139009237,1,0.578,,
0.169892713428,1,0.610000065,,
0.18166333437,1,0.672000101,,
0.174921154976,1,0.703,,
0.178446441889,1,0.735000065,,
0.18344900012,1,0.765999964,,
0.175861626863,1,0.797000101,,
0.179619818926,1,0.844000032,,
0.161877840757,1,0.031999996,,
0.174366205931,1,0.062999895,,
0.183222293854,1,0.094000032,,
0.199815005064,1,0.140999964,,
0.180807873607,1,0.172000101,,
0.188836365938,1,0.203,,
0.17041143775,1,0.235000065,,
0.179657354951,1,0.265999964,,
0.184356540442,1,0.297000101,,
0.173624143004,1,0.328,,
0.177440941334,1,0.374999931,,
0.179063647985,1,0.406999996,,
0.174870431423,1,0.437999895,,
0.181916162372,1,0.469000032,,
0.178922653198,1,0.499999931,,
0.160756990314,1,0.531999996,,
0.182439088821,1,0.578,,
0.187301516533,2,0.031999996,,
0.178554922342,2,0.062999895,,
0.189835235476,2,0.094000032,,
0.185622066259,2,0.140999964,,
0.182311058044,2,0.172000101,,
0.184266671538,2,0.203,,
0.197113573551,2,0.235000065,,
0.195070192218,2,0.265999964,,
0.209729343653,2,0.297000101,,
0.201211854815,2,0.328,,
0.205925941467,2,0.374999931,,
0.188703432679,2,0.406999996,,
0.183919653296,2,0.437999895,,
0.187311217189,2,0.469000032,,
0.178441017866,2,0.499999931,,
0.188918560743,2,0.531999996,,
0.174494072795,2,0.578,,
0.189189210534,2,0.610000065,,
0.176252126694,2,0.672000101,,
0.176528304815,2,0.703,,
0.18165320158,2,0.735000065,,
0.199707537889,2,0.765999964,,
0.186850935221,2,0.797000101,,
0.173024579883,2,0.031999996,,
0.172021329403,2,0.062999895,,
0.172365680337,2,0.094000032,,
0.193020552397,2,0.140999964,,
0.211096122861,2,0.172000101,,
0.213522464037,2,0.203,,
0.216184213758,2,0.235000065,,
0.21270403266,2,0.265999964,,
0.196290254593,2,0.297000101,,
0.205704241991,2,0.328,,
0.20576056838,2,0.374999931,,
0.208355665207,2,0.406999996,,
0.203476786613,2,0.437999895,,
0.204864427447,2,0.469000032,,
0.218654036522,2,0.499999931,,
0.198516085744,2,0.531999996,,
0.197102278471,2,0.578,,
0.194666951895,2,0.610000065,,
0.195319920778,2,0.672000101,,
0.20629902184,2,0.703,,
0.185606300831,2,0.735000065,,
0.209598749876,2,0.765999964,,
0.200165823102,1,0.031999996,,
0.187033444643,1,0.062999895,,
0.179630815983,1,0.094000032,,
0.170075029135,1,0.140999964,,
0.171658352017,1,0.172000101,,
0.169337496161,1,0.203,,
0.120985947549,1,0.235000065,,
0.0388779006898,1,0.265999964,,
0.0620270892978,2,0.031999996,,
0.0655562654138,2,0.062999895,,
0.064308732748,2,0.094000032,,
0.241762310266,2,0.140999964,,
0.25116032362,2,0.172000101,,
0.263706326485,2,0.203,,
0.268435150385,2,0.235000065,,
0.326909124851,2,0.265999964,,
0.265874743462,2,0.297000101,,
0.176316127181,2,0.328,,
0.069577910006,2,0.374999931,,
0.145341560245,2,0.406999996,,
0.201623886824,2,0.437999895,,
0.211486056447,2,0.469000032,,
0.198029339314,2,0.499999931,,
0.196426719427,2,0.531999996,,
0.19677375257,2,0.578,,
0.201145246625,2,0.610000065,,
0.206293225288,2,0.672000101,,
0.202385619283,2,0.703,,
0.204382270575,2,0.735000065,,
0.213700801134,2,0.765999964,,
0.216692566872,2,0.797000101,,
0.212106749415,2,0.844000032,,
0.222512885928,2,0.874999931,,
0.21790099144,2,0.906999996,,
0.19833278656,2,0.937999895,,
0.0395656339824,2,0.969000032,,
0.190083563328,2,0.999999931,,
0.0594567358494,2,1.031999996,,
0.0353192016482,2,1.062999895,,
0.0360386744142,2,1.110000065,,
0.132002592087,2,1.140999964,,
0.143890678883,1,0.031999996,,
0.160930782557,1,0.062999895,,
0.145747184753,1,0.094000032,,
0.168533056974,1,0.140999964,,
0.173678293824,1,0.172000101,,
0.183176115155,1,0.203,,
0.19469948113,1,0.235000065,,
0.185259386897,1,0.265999964,,
0.17592087388,1,0.297000101,,
0.193032830954,1,0.328,,
0.192865923047,1,0.374999931,,
0.201561287045,1,0.406999996,,
0.201091453433,1,0.437999895,,
0.218582361937,1,0.469000032,,
0.192003518343,1,0.499999931,,
0.190985769033,1,0.531999996,,
0.190277352929,1,0.578,,
0.189331784844,1,0.610000065,,
0.198626995087,1,0.672000101,,
0.187214165926,1,0.703,,
0.186904132366,1,0.735000065,,
0.178116217256,1,0.031999996,,
0.176178663969,1,0.062999895,,
0.178243547678,1,0.094000032,,
0.195884793997,1,0.140999964,,
0.18227134645,1,0.172000101,,
0.198651790619,1,0.203,,
0.188942953944,1,0.235000065,,
0.184244304895,1,0.265999964,,
0.184003293514,1,0.297000101,,
0.188845068216,1,0.328,,
0.191218346357,1,0.374999931,,
0.183611854911,1,0.406999996,,
0.176057249308,1,0.437999895,,
0.190090671182,1,0.469000032,,
0.166925296187,1,0.499999931,,
0.177317753434,1,0.531999996,,
0.176074832678,1,0.578,,
0.173930242658,1,0.610000065,,
0.19043186307,1,0.672000101,,
0.178188174963,1,0.703,,
0.185369938612,1,0.735000065,,
0.18642321229,1,0.765999964,,
0.186255425215,1,0.797000101,,
0.17179736495,1,0.844000032,,
0.178801164031,1,0.874999931,,
0.176654234529,1,0.906999996,,
0.174308389425,1,0.937999895,,
0.19376283884,1,0.969000032,,
0.178831636906,1,0.999999931,,
0.172088474035,1,1.031999996,,
0.181099325418,1,1.062999895,,
0.183194056153,1,1.110000065,,
0.18199685216,1,1.140999964,,
0.178724333644,1,1.172000101,,
0.178711131215,1,1.203,,
0.185052290559,1,1.235000065,,
0.177507773042,1,1.265999964,,
0.180379167199,1,1.297000101,,
0.170078724623,1,1.344000032,,
0.169860422611,1,1.374999931,,
0.161951318383,1,1.406999996,,
0.167233720422,1,1.437999895,,
0.179942935705,1,1.469000032,,
0.177288204432,1,1.499999931,,
0.185313791037,1,1.531999996,,
0.186260908842,1,0.031999996,,
0.169772163033,1,0.062999895,,
0.177661836147,1,0.094000032,,
0.169462323189,1,0.140999964,,
0.170171454549,1,0.172000101,,
0.162741482258,1,0.203,,
0.172084838152,1,0.235000065,,
0.173965871334,1,0.265999964,,
0.17823459208,1,0.297000101,,
0.189700037241,1,0.328,,
0.192603245378,1,0.374999931,,
0.173959940672,1,0.406999996,,
0.167127355933,1,0.437999895,,
0.171746656299,1,0.469000032,,
0.178241208196,1,0.499999931,,
0.169266432524,1,0.531999996,,
0.180847704411,1,0.578,,
0.175538212061,1,0.610000065,,
0.179185420275,1,0.672000101,,
0.175773993134,1,0.703,,
0.181009709835,1,0.735000065,,
0.173379570246,1,0.765999964,,
0.178664833307,1,0.797000101,,
0.166930288076,1,0.844000032,,
0.16821680963,1,0.874999931,,
0.169865310192,1,0.906999996,,
0.176270186901,1,0.937999895,,
0.177791133523,1,0.969000032,,
0.186466693878,1,0.999999931,,
0.170411393046,1,1.031999996,,
0.180841609836,1,1.062999895,,
0.172876000404,1,1.110000065,,
0.174104362726,1,1.140999964,,
0.173708453774,1,0.031999996,,
0.175983250141,1,0.062999895,,
0.169421806931,1,0.094000032,,
0.162091627717,1,0.140999964,,
0.175210744143,1,0.172000101,,
0.173587039113,1,0.203,,
0.195285215974,1,0.235000065,,
0.192604526877,1,0.265999964,,
0.181253135204,1,0.297000101,,
0.179429680109,1,0.328,,
0.176481515169,1,0.374999931,,
0.168761879206,1,0.406999996,,
0.179618090391,1,0.437999895,,
0.179972499609,1,0.469000032,,
0.174859821796,1,0.499999931,,
0.176601499319,1,0.531999996,,
0.187918424606,1,0.578,,
0.181886956096,1,0.610000065,,
0.187998339534,1,0.672000101,,
0.178794488311,1,0.703,,
0.17750197649,1,0.735000065,,
0.180536746979,1,0.765999964,,
0.183685109019,1,0.797000101,,
0.17338091135,1,0.844000032,,
0.040907792747,1,0.874999931,,
0.0422721505165,2,0.031999996,,
0.080722078681,2,0.062999895,,
0.048113938421,2,0.094000032,,
0.128358796239,2,0.140999964,,
0.351730704308,2,0.172000101,,
0.373648494482,2,0.203,,
0.230640053749,1,0.031999996,,
0.203406900167,1,0.062999895,,
0.203346654773,1,0.094000032,,
0.188856974244,1,0.140999964,,
0.167685955763,1,0.172000101,,
0.172234237194,1,0.203,,
0.163490265608,1,0.235000065,,
0.187969774008,1,0.265999964,,
0.171810030937,1,0.297000101,,
0.167285531759,1,0.328,,
0.161326080561,1,0.374999931,,
0.167623698711,1,0.406999996,,
0.167605906725,1,0.437999895,,
0.169940218329,1,0.469000032,,
0.167247802019,1,0.499999931,,
0.16513107717,1,0.531999996,,
0.170489475131,1,0.578,,
0.160709410906,1,0.610000065,,
0.165505737066,1,0.672000101,,
0.162124052644,1,0.703,,
0.165818229318,1,0.735000065,,
0.165409162641,1,0.765999964,,
0.16738961637,1,0.797000101,,
0.158130019903,1,0.844000032,,
0.166370898485,1,0.874999931,,
0.159567371011,1,0.906999996,,
0.164546340704,1,0.937999895,,
0.159285023808,1,0.969000032,,
0.156658813357,1,0.999999931,,
0.159684285522,1,1.031999996,,
0.161306470633,1,1.062999895,,
0.164709493518,1,1.110000065,,
0.167656749487,1,1.140999964,,
0.163370862603,1,1.172000101,,
0.164865717292,1,1.203,,
0.165589049459,1,1.235000065,,
0.166241720319,1,1.265999964,,
0.156623855233,1,1.297000101,,
0.162782430649,1,1.344000032,,
0.178555935621,1,1.374999931,,
0.170736908913,1,1.406999996,,
0.168343633413,1,1.437999895,,
0.167480841279,1,1.469000032,,
0.169388860464,1,1.499999931,,
0.172753170133,1,1.531999996,,
0.17150361836,1,1.578,,
0.163040086627,1,1.610000065,,
0.170136868954,1,1.640999964,,
0.169644057751,1,1.672000101,,
0.17490914464,1,1.703,,
0.174995318055,1,1.735000065,,
0.177677184343,1,1.765999964,,
0.177989497781,1,1.797000101,,
0.168437600136,1,1.844000032,,
0.166960522532,1,0.031999996,,
0.162650570273,1,0.062999895,,
0.175875037909,1,0.094000032,,
0.173387020826,1,0.140999964,,
0.181314349174,1,0.172000101,,
0.233632683754,1,0.203,,
0.177639707923,1,0.235000065,,
0.173361957073,1,0.265999964,,
0.172050625086,1,0.297000101,,
0.181668922305,1,0.328,,
0.163534671068,1,0.374999931,,
0.173194587231,1,0.406999996,,
0.170877709985,1,0.437999895,,
0.174869641662,1,0.469000032,,
0.179040700197,1,0.499999931,,
0.182363837957,1,0.531999996,,
0.18961827457,1,0.578,,
0.186851292849,1,0.610000065,,
0.174831330776,1,0.672000101,,
0.17674306035,1,0.703,,
0.174546062946,1,0.735000065,,
0.189440831542,1,0.765999964,,
0.217063471675,1,0.797000101,,
0.187637969851,1,0.844000032,,
0.222802877426,1,0.874999931,,
0.181369274855,1,0.906999996,,
0.179181665182,1,0.937999895,,
0.171744674444,1,0.969000032,,
0.202775269747,1,0.999999931,,
0.174008339643,1,1.031999996,,
0.221680372953,1,1.062999895,,
0.174124971032,1,1.110000065,,
0.180112808943,1,1.140999964,,
0.180726960301,1,1.172000101,,
0.262399584055,1,1.203,,
0.179434031248,1,1.235000065,,
0.184944316745,1,1.265999964,,
0.170627892017,1,1.297000101,,
0.173303663731,1,1.344000032,,
0.177706792951,1,1.374999931,,
0.182575672865,1,1.406999996,,
0.203526973724,1,1.437999895,,
0.203771829605,1,1.469000032,,
0.219630047679,1,1.499999931,,
0.240607649088,1,1.531999996,,
0.197923541069,1,1.578,,
0.245101213455,1,1.610000065,,
0.202227786183,1,1.640999964,,
0.176681384444,1,1.672000101,,
0.180422767997,1,1.703,,
0.177205771208,1,1.735000065,,
0.176352754235,1,1.765999964,,
0.179479032755,1,1.797000101,,
0.212299272418,1,1.844000032,,
0.178962677717,1,1.874999931,,
0.225422471762,1,1.906999996,,
0.2304597646,1,1.937999895,,
0.309936881065,1,1.969000032,,
0.11884175241,1,1.999999931,,
0.0471430942416,2,0.031999996,,
0.0636216923594,2,0.062999895,,
0.0322830565274,2,0.094000032,,
0.0576544888318,2,0.140999964,,
0.0543227419257,2,0.172000101,,
0.0577803328633,2,0.203,,
0.0454450696707,2,0.235000065,,
0.0716214329004,1,0.031999996,,
0.133310765028,1,0.062999895,,
0.154637202621,1,0.094000032,,
0.182087093592,1,0.140999964,,
0.374698400497,1,0.172000101,,
0.37982660532,1,0.203,,
0.398875653744,1,0.235000065,,
0.388989269733,1,0.265999964,,
0.188586115837,1,0.297000101,,
0.401577472687,1,0.328,,
0.328648030758,1,0.374999931,,
0.165920674801,1,0.406999996,,
0.173056811094,1,0.437999895,,
0.178980797529,1,0.469000032,,
0.181189328432,1,0.499999931,,
0.204748913646,1,0.531999996,,
0.162078768015,1,0.578,,
0.167516499758,1,0.610000065,,
0.1574293226,1,0.672000101,,
0.147185653448,1,0.703,,
0.12706951797,1,0.735000065,,
0.155718177557,2,0.031999996,,
0.157079339027,2,0.062999895,,
0.166764378548,2,0.094000032,,
0.166522577405,2,0.140999964,,
0.170561820269,2,0.172000101,,
0.16883328557,2,0.203,,
0.161448016763,2,0.235000065,,
0.168535739183,2,0.265999964,,
0.166467323899,2,0.297000101,,
0.163739070296,2,0.328,,
0.165812760592,2,0.374999931,,
0.162192314863,2,0.406999996,,
0.149261385202,2,0.437999895,,
0.167612120509,2,0.469000032,,
0.171000137925,2,0.499999931,,
0.18269905448,2,0.531999996,,
0.172227859497,2,0.578,,
0.175039708614,2,0.610000065,,
0.16902756691,2,0.672000101,,
0.178554147482,2,0.703,,
0.17031365633,2,0.735000065,,
0.180704265833,2,0.765999964,,
0.173761963844,2,0.797000101,,
0.176895022392,2,0.844000032,,
0.175553649664,2,0.874999931,,
0.1707547158,2,0.906999996,,
0.18492564559,2,0.937999895,,
0.169187605381,2,0.969000032,,
0.17797395587,2,0.999999931,,
0.180336862803,2,1.031999996,,
0.165662035346,2,1.062999895,,
0.179083436728,2,1.110000065,,
0.178957283497,2,1.140999964,,
0.18488445878,2,1.172000101,,
0.182675823569,2,1.203,,
0.185110419989,2,1.235000065,,
0.182886689901,1,0.031999996,,
0.177575916052,1,0.062999895,,
0.177648827434,1,0.094000032,,
0.1890578866,1,0.140999964,,
0.188898235559,1,0.172000101,,
0.182524591684,1,0.203,,
0.180662244558,1,0.235000065,,
0.182562917471,1,0.265999964,,
0.180713683367,1,0.297000101,,
0.17762234807,1,0.328,,
0.182209998369,1,0.374999931,,
0.184708073735,1,0.406999996,,
0.181252732873,1,0.437999895,,
0.181020855904,1,0.469000032,,
0.184457868338,1,0.499999931,,
0.177331864834,1,0.531999996,,
0.18652510643,1,0.578,,
0.190101206303,1,0.610000065,,
0.194542586803,1,0.672000101,,
0.194291174412,1,0.703,,
0.190748304129,1,0.735000065,,
0.193672344089,1,0.765999964,,
0.194212511182,1,0.797000101,,
0.191405251622,1,0.844000032,,
0.196474701166,1,0.874999931,,
0.198241382837,1,0.906999996,,
0.196168869734,1,0.937999895,,
0.189902469516,1,0.969000032,,
0.186821877956,1,0.999999931,,
0.196207940578,1,1.031999996,,
0.182856276631,1,1.062999895,,
0.179527089,1,1.110000065,,
0.176526919007,1,1.140999964,,
0.176985323429,1,1.172000101,,
0.177511379123,1,1.203,,
0.176227882504,1,1.235000065,,
0.170937508345,1,1.265999964,,
0.167773395777,1,1.297000101,,
0.176957249641,1,0.031999996,,
0.168431296945,1,0.062999895,,
0.173072576523,1,0.094000032,,
0.172346875072,1,0.140999964,,
0.172979146242,1,0.172000101,,
0.163211405277,1,0.203,,
0.17130883038,1,0.235000065,,
0.166026502848,1,0.265999964,,
0.166479930282,1,0.297000101,,
0.172022476792,1,0.328,,
0.173359289765,1,0.374999931,,
0.174592927098,1,0.406999996,,
0.171823352575,1,0.437999895,,
0.169650778174,1,0.469000032,,
0.164933398366,1,0.499999931,,
0.175655081868,1,0.531999996,,
0.167166054249,1,0.578,,
0.158733397722,1,0.610000065,,
0.165131241083,1,0.672000101,,
0.16008540988,1,0.703,,
0.174263522029,1,0.735000065,,
0.169429883361,1,0.765999964,,
0.173670604825,1,0.797000101,,
0.164578646421,1,0.844000032,,
0.165829211473,1,0.874999931,,
0.164752811193,1,0.906999996,,
0.168105229735,1,0.937999895,,
0.159717276692,1,0.969000032,,
0.190292954445,1,0.999999931,,
0.16411653161,1,1.031999996,,
0.159691870213,1,1.062999895,,
0.160555630922,1,1.110000065,,
0.156778201461,1,1.140999964,,
0.157784730196,1,1.172000101,,
0.160715669394,1,1.203,,
0.159737914801,1,1.235000065,,
0.159231334925,1,1.265999964,,
0.156388297677,1,1.297000101,,
0.160096541047,1,1.344000032,,
0.15251788497,1,1.374999931,,
0.155072450638,1,1.406999996,,
0.154699757695,1,1.437999895,,
0.151341766119,1,1.469000032,,
0.161430075765,1,1.499999931,,
0.158661454916,1,1.531999996,,
0.160449758172,1,1.578,,
0.161504477262,1,1.610000065,,
0.165570870042,1,1.640999964,,
0.171215847135,1,1.672000101,,
0.166563540697,1,1.703,,
0.164126858115,1,1.735000065,,
0.160495281219,1,1.765999964,,
0.167965203524,1,1.797000101,,
0.166703283787,1,1.844000032,,
0.172348171473,1,0.031999996,,
0.164232999086,1,0.062999895,,
0.165897279978,1,0.094000032,,
0.163506299257,1,0.140999964,,
0.163122862577,1,0.172000101,,
0.169818386436,1,0.203,,
0.171765089035,1,0.235000065,,
0.166557952762,1,0.265999964,,
0.144640401006,1,0.297000101,,
0.169061690569,1,0.328,,
0.173953577876,1,0.374999931,,
0.177961871028,1,0.406999996,,
0.188477247953,1,0.437999895,,
0.178747028112,1,0.469000032,,
0.179751008749,1,0.499999931,,
0.170282259583,1,0.531999996,,
0.181129917502,1,0.578,,
0.183519169688,1,0.610000065,,
0.181651189923,1,0.672000101,,
0.183854788542,1,0.703,,
0.178250640631,1,0.735000065,,
0.181954711676,1,0.765999964,,
0.188900277019,1,0.797000101,,
0.176855221391,1,0.844000032,,
0.174932181835,1,0.874999931,,
0.173409551382,1,0.906999996,,
0.1842443645,1,0.937999895,,
0.190360203385,1,0.969000032,,
0.186064302921,1,0.999999931,,
0.179984092712,1,1.031999996,,
0.166252285242,1,1.062999895,,
0.15979360044,2,0.031999996,,
0.154512137175,2,0.062999895,,
0.151462346315,2,0.094000032,,
0.154521405697,2,0.140999964,,
0.178638517857,2,0.172000101,,
0.158534690738,2,0.203,,
0.160477355123,2,0.235000065,,
0.155936077237,2,0.265999964,,
0.151228293777,2,0.297000101,,
0.144721597433,2,0.328,,
0.157603025436,2,0.374999931,,
0.161322593689,2,0.406999996,,
0.159658923745,2,0.437999895,,
0.162271440029,2,0.469000032,,
0.164649903774,2,0.499999931,,
0.158997654915,2,0.531999996,,
0.165049463511,2,0.578,,
0.181865185499,2,0.610000065,,
0.188097879291,2,0.672000101,,
0.176510542631,1,0.031999996,,
0.182269796729,1,0.062999895,,
0.17594024539,1,0.094000032,,
0.177433252335,1,0.140999964,,
0.181187972426,1,0.172000101,,
0.185286939144,1,0.203,,
0.174979299307,1,0.235000065,,
0.182404831052,1,0.265999964,,
0.185810416937,1,0.297000101,,
0.18221861124,1,0.328,,
0.191165179014,1,0.374999931,,
0.178959339857,1,0.406999996,,
0.187711820006,1,0.437999895,,
0.188221693039,1,0.469000032,,
0.178011119366,1,0.499999931,,
0.183412343264,1,0.531999996,,
0.181641831994,1,0.578,,
0.174401655793,1,0.610000065,,
0.181043148041,1,0.672000101,,
0.19594155252,2,0.031999996,,
0.249075219035,2,0.062999895,,
0.231514975429,2,0.094000032,,
0.237323641777,2,0.140999964,,
0.223797678947,2,0.172000101,,
0.211136698723,2,0.203,,
0.225882127881,2,0.235000065,,
0.239472702146,2,0.265999964,,
0.256553471088,2,0.297000101,,
0.242474526167,2,0.328,,
0.259315282106,2,0.374999931,,
0.243871971965,2,0.406999996,,
0.233520701528,2,0.437999895,,
0.239529773593,2,0.469000032,,
0.231468766928,2,0.499999931,,
0.246578648686,2,0.531999996,,
0.233537986875,2,0.578,,
0.235384583473,2,0.610000065,,
0.22020933032,2,0.672000101,,
0.23741671443,2,0.703,,
0.242873668671,2,0.735000065,,
0.263378143311,2,0.765999964,,
0.291353464127,2,0.797000101,,
0.286885350943,2,0.844000032,,
0.295258492231,2,0.874999931,,
0.295159429312,2,0.906999996,,
0.232307597995,2,0.937999895,,
0.280270248652,2,0.969000032,,
0.273006856441,2,0.999999931,,
0.260815173388,2,1.031999996,,
0.212899759412,2,1.062999895,,
0.256373345852,2,1.110000065,,
0.149976328015,2,1.140999964,,
0.0308512486517,2,1.172000101,,
0.0599361136556,2,1.203,,
0.087528757751,2,1.235000065,,
0.14778766036,1,0.031999996,,
0.160077899694,1,0.062999895,,
0.172515228391,1,0.094000032,,
0.169500857592,1,0.140999964,,
0.193019002676,1,0.172000101,,
0.181376218796,1,0.203,,
0.172975108027,1,0.235000065,,
0.161099374294,1,0.265999964,,
0.159393996,1,0.297000101,,
0.161253720522,1,0.328,,
0.160833567381,1,0.374999931,,
0.169955223799,1,0.406999996,,
0.177265554667,1,0.437999895,,
0.184464201331,1,0.469000032,,
0.19105604291,1,0.499999931,,
0.170765027404,1,0.531999996,,
0.167605891824,1,0.578,,
0.16817304492,1,0.610000065,,
0.177057787776,1,0.672000101,,
0.188062757254,1,0.703,,
0.172158330679,1,0.735000065,,
0.170128390193,1,0.765999964,,
0.175249665976,1,0.797000101,,
0.161989435554,1,0.844000032,,
0.182419657707,1,0.874999931,,
0.176526159048,1,0.906999996,,
0.175052493811,1,0.937999895,,
0.180811852217,1,0.969000032,,
0.173651024699,1,0.999999931,,
0.18479500711,1,1.031999996,,
0.176995366812,1,1.062999895,,
0.184775769711,1,1.110000065,,
0.182731539011,1,1.140999964,,
0.175835490227,1,1.172000101,,
0.187000140548,1,1.203,,
0.19020062685,1,1.235000065,,
0.189716368914,1,1.265999964,,
0.199154525995,1,1.297000101,,
0.173742175102,1,1.344000032,,
0.187120109797,1,1.374999931,,
0.1981292665,1,1.406999996,,
0.17744897306,1,1.437999895,,
0.185620576143,1,1.469000032,,
0.190152034163,1,1.499999931,,
0.17646715045,1,0.031999996,,
0.187168553472,1,0.062999895,,
0.186505764723,1,0.094000032,,
0.185390383005,1,0.140999964,,
0.199636369944,1,0.172000101,,
0.182133048773,1,0.203,,
0.173056125641,1,0.235000065,,
0.17440149188,1,0.265999964,,
0.199104204774,1,0.297000101,,
0.185465171933,1,0.328,,
0.184840559959,1,0.374999931,,
0.167036265135,1,0.406999996,,
0.170480638742,1,0.437999895,,
0.190295979381,1,0.469000032,,
0.18212968111,1,0.499999931,,
0.188859179616,1,0.531999996,,
0.185590595007,1,0.578,,
0.181319594383,1,0.610000065,,
0.205547809601,1,0.672000101,,
0.186171621084,1,0.703,,
0.187706053257,1,0.735000065,,
0.17732308805,1,0.765999964,,
0.188000589609,1,0.797000101,,
0.18431738019,1,0.844000032,,
0.166125446558,1,0.874999931,,
0.188521057367,1,0.906999996,,
0.203411415219,1,0.937999895,,
0.19451443851,1,0.969000032,,
0.190801799297,1,0.999999931,,
0.187143564224,1,1.031999996,,
0.182572811842,1,1.062999895,,
0.182327598333,1,1.110000065,,
0.190885081887,1,1.140999964,,
0.192058295012,1,1.172000101,,
0.195007055998,1,1.203,,
0.188816219568,1,1.235000065,,
0.191601932049,1,1.265999964,,
0.190050452948,1,1.297000101,,
0.190017521381,1,1.344000032,,
0.180628597736,1,1.374999931,,
0.171692475677,1,1.406999996,,
0.200036406517,1,1.437999895,,
0.176812499762,1,1.469000032,,
0.162270098925,2,0.031999996,,
0.161142617464,2,0.062999895,,
0.165894061327,2,0.094000032,,
0.16356177628,2,0.140999964,,
0.157636374235,2,0.172000101,,
0.168431311846,2,0.203,,
0.17855706811,2,0.235000065,,
0.171124950051,2,0.265999964,,
0.169817641377,2,0.297000101,,
0.16702927649,2,0.328,,
0.15777027607,2,0.374999931,,
0.161617293954,2,0.406999996,,
0.165437191725,2,0.437999895,,
0.161320790648,2,0.469000032,,
0.171882495284,2,0.499999931,,
0.169877797365,2,0.531999996,,
0.1741977036,2,0.578,,
0.171489879489,2,0.610000065,,
0.180684298277,1,0.031999996,,
0.197720348835,1,0.062999895,,
0.196819812059,1,0.094000032,,
0.194036409259,1,0.140999964,,
0.18543830514,1,0.172000101,,
0.184012323618,1,0.203,,
0.18614089489,1,0.235000065,,
0.185509592295,1,0.265999964,,
0.200408771634,1,0.297000101,,
0.200153023005,1,0.328,,
0.188838988543,1,0.374999931,,
0.178999662399,1,0.406999996,,
0.191079214215,1,0.437999895,,
0.189087763429,1,0.469000032,,
0.181484594941,1,0.499999931,,
0.197174847126,1,0.531999996,,
0.192723423243,1,0.578,,
0.186717301607,1,0.610000065,,
0.191090553999,1,0.672000101,,
0.183758512139,1,0.703,,
0.186359643936,1,0.735000065,,
0.177377074957,1,0.765999964,,
0.170766323805,1,0.797000101,,
0.181122049689,1,0.844000032,,
0.182211369276,1,0.874999931,,
0.185686483979,1,0.906999996,,
0.17877574265,1,0.937999895,,
0.188929319382,1,0.969000032,,
0.187800198793,1,0.999999931,,
0.185845270753,1,1.031999996,,
0.191011071205,1,1.062999895,,
0.195032671094,1,1.110000065,,
0.178331822157,1,1.140999964,,
0.189785584807,1,1.172000101,,
0.188160777092,1,1.203,,
0.193066209555,1,1.235000065,,
0.187349155545,1,1.265999964,,
0.191201165318,1,1.297000101,,
0.193828314543,1,1.344000032,,
0.185256883502,1,1.374999931,,
0.183449283242,1,1.406999996,,
0.171817973256,1,1.437999895,,
0.182059198618,1,1.469000032,,
0.186183974147,1,1.499999931,,
0.202802062035,1,1.531999996,,
0.190469890833,1,1.578,,
0.197283178568,1,1.610000065,,
0.192261189222,1,1.640999964,,
0.200579211116,1,1.672000101,,
0.20216576755,1,1.703,,
0.196455687284,1,1.735000065,,
0.202155947685,1,1.765999964,,
0.189608544111,1,1.797000101,,
0.205085605383,1,1.844000032,,
0.203848034143,1,1.874999931,,
0.209918498993,1,1.906999996,,
0.207897946239,1,1.937999895,,
0.208693027496,1,1.969000032,,
0.210218280554,1,1.999999931,,
0.21551553905,1,2.031999996,,
0.217479258776,1,2.078,,
0.201414704323,1,2.110000065,,
0.182704895735,1,2.140999964,,
0.155443638563,2,0.031999996,,
0.16799762845,2,0.062999895,,
0.161226332188,2,0.094000032,,
0.171349287033,2,0.140999964,,
0.165856122971,2,0.172000101,,
0.171229079366,2,0.203,,
0.172406286001,2,0.235000065,,
0.205917835236,2,0.265999964,,
0.170222312212,2,0.297000101,,
0.172462105751,2,0.328,,
0.17480070889,2,0.374999931,,
0.182973280549,2,0.406999996,,
0.172493502498,2,0.437999895,,
0.213652297854,2,0.469000032,,
0.343058377504,2,0.499999931,,
0.228590160608,2,0.531999996,,
0.20571346581,2,0.578,,
0.189375162125,2,0.610000065,,
0.181670442224,2,0.672000101,,
0.20501999557,2,0.703,,
0.159813418984,2,0.735000065,,
0.116248354316,2,0.765999964,,
0.0462000742555,2,0.797000101,,
0.0389590337873,2,0.844000032,,
0.0703379809856,2,0.874999931,,
0.0648818984628,2,0.906999996,,
0.0563566163182,2,0.937999895,,
0.142368525267,2,0.969000032,,
0.159035652876,1,0.031999996,,
0.164314717054,1,0.062999895,,
0.188133731484,1,0.094000032,,
0.16687181592,1,0.140999964,,
0.177543535829,1,0.172000101,,
0.164062976837,1,0.203,,
0.167325377464,1,0.235000065,,
0.165705651045,1,0.265999964,,
0.17244887352,1,0.297000101,,
0.180064633489,1,0.328,,
0.158780962229,1,0.374999931,,
0.155724734068,1,0.406999996,,
0.149772897363,1,0.437999895,,
0.17713521421,1,0.469000032,,
0.163115307689,1,0.499999931,,
0.16300547123,1,0.531999996,,
0.181579083204,1,0.578,,
0.167013928294,1,0.610000065,,
0.168133497238,1,0.672000101,,
0.181977346539,1,0.703,,
0.190129980445,1,0.735000065,,
0.167599320412,1,0.765999964,,
0.158623248339,1,0.797000101,,
0.220738574862,1,0.844000032,,
0.165675967932,1,0.874999931,,
0.17174950242,1,0.906999996,,
0.156993284822,1,0.937999895,,
0.163202747703,1,0.969000032,,
0.154790967703,1,0.999999931,,
0.163621604443,1,1.031999996,,
0.163144141436,1,1.062999895,,
0.168539762497,1,1.110000065,,
0.165346950293,1,1.140999964,,
0.179884284735,1,1.172000101,,
0.161849439144,1,1.203,,
0.171886712313,1,1.235000065,,
0.168027564883,1,1.265999964,,
0.199255481362,1,1.297000101,,
0.18487277627,1,1.344000032,,
0.191899687052,1,1.374999931,,
0.180787995458,1,1.406999996,,
0.191365420818,1,1.437999895,,
0.202063173056,1,1.469000032,,
0.200479418039,1,1.499999931,,
0.200479418039,1,1.531999996,,
0.184379473329,1,1.578,,
0.182641774416,1,1.610000065,,
0.208827644587,1,1.640999964,,
0.184059530497,1,1.672000101,,
0.182511612773,1,1.703,,
0.177491813898,1,1.735000065,,
0.196479588747,1,1.765999964,,
0.174382179976,1,1.797000101,,
0.189384192228,1,1.844000032,,
0.189767867327,1,0.031999996,,
0.204556301236,1,0.062999895,,
0.203233882785,1,0.094000032,,
0.180901154876,1,0.140999964,,
0.17511215806,1,0.172000101,,
0.187268421054,1,0.203,,
0.176843896508,1,0.235000065,,
0.17804557085,1,0.265999964,,
0.194202765822,1,0.297000101,,
0.183218583465,1,0.328,,
0.187078431249,1,0.374999931,,
0.179066881537,1,0.406999996,,
0.178877085447,1,0.437999895,,
0.165679007769,1,0.469000032,,
0.175822794437,1,0.499999931,,
0.181789189577,1,0.531999996,,
0.183373034,1,0.578,,
0.18448099494,1,0.610000065,,
0.183080255985,1,0.672000101,,
0.187285423279,1,0.703,,
0.186776787043,1,0.735000065,,
0.185241654515,1,0.765999964,,
0.190760985017,1,0.797000101,,
0.178486451507,1,0.844000032,,
0.175126999617,1,0.874999931,,
0.184940755367,1,0.906999996,,
0.186984762549,1,0.937999895,,
0.186911150813,1,0.969000032,,
0.174720108509,1,0.999999931,,
0.165437459946,1,1.031999996,,
0.174663752317,1,1.062999895,,
0.166602686048,1,1.110000065,,
0.160687685013,1,1.140999964,,
0.161099687219,1,1.172000101,,
0.156686276197,1,1.203,,
0.165922045708,1,1.235000065,,
0.172112762928,1,1.265999964,,
0.16669806838,1,1.297000101,,
0.16889962554,1,1.344000032,,
0.164519920945,1,1.374999931,,
0.167548626661,1,1.406999996,,
0.156937748194,1,1.437999895,,
0.161038041115,1,1.469000032,,
0.177451342344,1,1.499999931,,
0.158241957426,1,1.531999996,,
0.159232467413,1,1.578,,
0.166356533766,1,1.610000065,,
0.167771935463,1,1.640999964,,
0.165990918875,1,1.672000101,,
0.163283184171,1,0.031999996,,
0.163467243314,1,0.062999895,,
0.1590911448,1,0.094000032,,
0.164342105389,1,0.140999964,,
0.153334185481,2,0.031999996,,
0.159139081836,2,0.062999895,,
0.152877688408,2,0.094000032,,
0.162910565734,2,0.140999964,,
0.15180054307,2,0.172000101,,
0.154236927629,2,0.203,,
0.158931657672,2,0.235000065,,
0.166005536914,2,0.265999964,,
0.164974033833,2,0.297000101,,
0.146511569619,2,0.328,,
0.164920687675,2,0.374999931,,
0.164681047201,2,0.406999996,,
0.162544071674,2,0.437999895,,
0.157675653696,2,0.469000032,,
0.167003422976,2,0.499999931,,
0.161213636398,2,0.531999996,,
0.16554787755,2,0.578,,
0.163819596171,2,0.610000065,,
0.158644959331,2,0.672000101,,
0.164265930653,2,0.703,,
0.166309043765,2,0.735000065,,
0.169208616018,2,0.765999964,,
0.177768394351,2,0.797000101,,
0.149269089103,2,0.844000032,,
0.164958253503,2,0.874999931,,
0.171645194292,2,0.906999996,,
0.15900953114,2,0.937999895,,
0.161041468382,2,0.969000032,,
0.160318374634,2,0.999999931,,
0.16127410531,2,1.031999996,,
0.158235818148,2,1.062999895,,
0.167859107256,2,1.110000065,,
0.166794776917,2,1.140999964,,
0.170562416315,2,0.031999996,,
0.174723386765,2,0.062999895,,
0.162595912814,2,0.094000032,,
0.178490757942,2,0.140999964,,
0.17099557817,2,0.172000101,,
0.196486026049,2,0.203,,
0.169485732913,2,0.235000065,,
0.162886068225,2,0.265999964,,
0.178322672844,1,0.031999996,,
0.170795425773,1,0.062999895,,
0.167516663671,1,0.094000032,,
0.163650840521,1,0.140999964,,
0.166547328234,1,0.172000101,,
0.15447768569,1,0.203,,
0.160162582994,1,0.235000065,,
0.173945680261,1,0.265999964,,
0.172817111015,1,0.297000101,,
0.171369940042,1,0.328,,
0.18238684535,1,0.374999931,,
0.17785783112,1,0.406999996,,
0.165719255805,1,0.437999895,,
0.187712147832,1,0.469000032,,
0.178349941969,1,0.499999931,,
0.177416160703,1,0.531999996,,
0.170471385121,1,0.578,,
0.183841377497,1,0.610000065,,
0.178602725267,1,0.672000101,,
0.169524669647,1,0.703,,
0.172077983618,1,0.735000065,,
0.172418415546,1,0.765999964,,
0.171987071633,1,0.797000101,,
0.17780585587,1,0.844000032,,
0.178038954735,1,0.874999931,,
0.178388372064,1,0.906999996,,
0.178041741252,1,0.937999895,,
0.177969813347,1,0.969000032,,
0.166405931115,1,0.999999931,,
0.166234284639,1,1.031999996,,
0.169854462147,1,1.062999895,,
0.160738378763,1,1.110000065,,
0.168314009905,1,1.140999964,,
0.166525393724,1,1.172000101,,
0.160971969366,1,1.203,,
0.167646899819,1,1.235000065,,
0.164834588766,1,0.031999996,,
0.143846049905,1,0.062999895,,
0.170879170299,1,0.094000032,,
0.187664434314,1,0.140999964,,
0.187736481428,1,0.172000101,,
0.161644309759,1,0.203,,
0.166512131691,1,0.235000065,,
0.175155133009,1,0.265999964,,
0.1864053756,1,0.297000101,,
0.169130593538,1,0.328,,
0.173751160502,1,0.374999931,,
0.167575642467,1,0.406999996,,
0.146399617195,1,0.437999895,,
0.14431796968,1,0.469000032,,
0.158307045698,1,0.499999931,,
0.147250637412,2,0.031999996,,
0.151884272695,2,0.062999895,,
0.153504684567,2,0.094000032,,
0.149667665362,2,0.140999964,,
0.149179965258,2,0.172000101,,
0.150346368551,2,0.203,,
0.160110920668,2,0.235000065,,
0.164365768433,2,0.265999964,,
0.160751149058,2,0.297000101,,
0.163338631392,2,0.328,,
0.150896444917,1,0.031999996,,
0.156792908907,1,0.062999895,,
0.171553462744,1,0.094000032,,
0.158361285925,1,0.140999964,,
0.170708090067,1,0.172000101,,
0.163305968046,1,0.203,,
0.164275795221,1,0.235000065,,
0.161830827594,1,0.265999964,,
0.15919546783,1,0.297000101,,
0.152889579535,1,0.328,,
0.158533960581,1,0.374999931,,
0.163248926401,1,0.406999996,,
0.158266633749,1,0.437999895,,
0.162950545549,2,0.031999996,,
0.158375829458,2,0.062999895,,
0.15677306056,2,0.094000032,,
0.156852036715,2,0.140999964,,
0.156937777996,2,0.172000101,,
0.160864114761,2,0.203,,
0.1591707021,2,0.235000065,,
0.16715310514,2,0.265999964,,
0.166722804308,2,0.297000101,,
0.168934345245,2,0.328,,
0.184727877378,2,0.374999931,,
0.160668075085,2,0.406999996,,
0.0637414455414,2,0.437999895,,
0.171835154295,1,0.031999996,,
0.177032604814,1,0.062999895,,
0.176190704107,1,0.094000032,,
0.201886564493,1,0.140999964,,
0.166980847716,1,0.172000101,,
0.165407389402,1,0.203,,
0.166136354208,1,0.235000065,,
0.150969207287,2,0.031999996,,
0.154200732708,2,0.062999895,,
0.161705553532,2,0.094000032,,
0.167044013739,2,0.140999964,,
0.167839005589,2,0.172000101,,
0.165069162846,2,0.203,,
0.161845356226,2,0.235000065,,
0.159581899643,2,0.265999964,,
0.158624008298,2,0.297000101,,
0.154712587595,2,0.328,,
0.156965404749,2,0.374999931,,
0.164821460843,2,0.406999996,,
0.155428320169,2,0.437999895,,
0.163524389267,2,0.469000032,,
0.165995642543,2,0.499999931,,
0.167556703091,2,0.531999996,,
0.163465544581,2,0.578,,
0.154505163431,2,0.610000065,,
0.156596511602,2,0.672000101,,
0.169394135475,2,0.703,,
0.162504762411,2,0.735000065,,
0.162896543741,2,0.765999964,,
0.163431033492,2,0.797000101,,
0.1619643718,2,0.844000032,,
0.163914129138,2,0.874999931,,
0.162725046277,2,0.906999996,,
0.165878787637,2,0.937999895,,
0.176122367382,2,0.969000032,,
0.160133033991,2,0.999999931,,
0.15644274652,2,1.031999996,,
0.160861030221,2,1.062999895,,
0.16499979794,2,1.110000065,,
0.163277804852,2,0.031999996,,
0.166211038828,2,0.062999895,,
0.166247710586,2,0.094000032,,
0.166636064649,2,0.140999964,,
0.168399348855,2,0.172000101,,
0.161309465766,2,0.203,,
0.171350508928,2,0.235000065,,
0.168471455574,2,0.265999964,,
0.167087182403,2,0.297000101,,
0.207343652844,1,0.031999996,,
0.181712552905,1,0.062999895,,
0.202882558107,1,0.094000032,,
0.186003133655,1,0.140999964,,
0.185428664088,1,0.172000101,,
0.179610803723,1,0.203,,
0.183864295483,1,0.235000065,,
0.18031719327,1,0.265999964,,
0.177710741758,1,0.297000101,,
0.185133263469,1,0.328,,
0.214497610927,1,0.374999931,,
0.17334023118,1,0.406999996,,
0.174047067761,1,0.437999895,,
0.174762234092,1,0.469000032,,
0.170398503542,1,0.499999931,,
0.166123956442,1,0.531999996,,
0.164969414473,1,0.578,,
0.158937841654,1,0.610000065,,
0.165829688311,1,0.672000101,,
0.169560521841,1,0.703,,
0.168931260705,1,0.735000065,,
0.174598366022,1,0.765999964,,
0.175999999046,1,0.797000101,,
0.166735395789,1,0.844000032,,
0.166210696101,1,0.874999931,,
0.158093944192,1,0.906999996,,
0.164300531149,1,0.937999895,,
0.167966842651,1,0.969000032,,
0.174503967166,1,0.999999931,,
0.16960427165,1,1.031999996,,
0.176963463426,1,1.062999895,,
0.173041775823,1,1.110000065,,
0.169257968664,1,1.140999964,,
0.163244515657,1,1.172000101,,
0.165726810694,1,1.203,,
0.169212192297,1,1.235000065,,
0.17138530314,1,1.265999964,,
0.177262440324,1,1.297000101,,
0.182417839766,1,1.344000032,,
0.167599529028,1,1.374999931,,
0.180029541254,1,1.406999996,,
0.187712162733,1,1.437999895,,
0.173068150878,1,1.469000032,,
0.155636623502,1,1.499999931,,
0.148118883371,2,0.031999996,,
0.146412968636,2,0.062999895,,
0.137115314603,2,0.094000032,,
0.176800698042,2,0.140999964,,
0.158379048109,2,0.172000101,,
0.15747474134,2,0.203,,
0.162594735622,2,0.235000065,,
0.225376218557,2,0.265999964,,
0.374604523182,2,0.297000101,,
0.211412906647,2,0.328,,
0.267186075449,2,0.374999931,,
0.371716588736,2,0.406999996,,
0.223201677203,2,0.437999895,,
0.151592731476,2,0.469000032,,
0.176078006625,2,0.499999931,,
0.166666835546,2,0.531999996,,
0.15858104825,2,0.578,,
0.155585080385,2,0.610000065,,
0.1606862396,2,0.672000101,,
0.187895298004,2,0.703,,
0.341386795044,2,0.735000065,,
0.174999415874,2,0.765999964,,
0.323696732521,2,0.797000101,,
0.332489430904,2,0.844000032,,
0.333884328604,2,0.874999931,,
0.202011793852,2,0.906999996,,
0.254190266132,2,0.937999895,,
0.335052907467,2,0.969000032,,
0.300416648388,2,0.999999931,,
0.164689958096,2,1.031999996,,
0.339092552662,2,1.062999895,,
0.340412378311,2,0.031999996,,
0.322535097599,2,0.062999895,,
0.197993978858,2,0.094000032,,
0.369544953108,2,0.140999964,,
0.345626503229,2,0.172000101,,
0.36611109972,2,0.203,,
0.353082478046,2,0.235000065,,
0.351530373096,2,0.265999964,,
0.318278044462,2,0.297000101,,
0.164104014635,2,0.328,,
0.236242026091,2,0.374999931,,
0.162358909845,2,0.406999996,,
0.2389228791,2,0.437999895,,
0.167687982321,2,0.469000032,,
0.344063133001,2,0.499999931,,
0.169023454189,2,0.531999996,,
0.328415036201,2,0.578,,
0.368391811848,2,0.610000065,,
0.351206660271,2,0.672000101,,
0.35998660326,2,0.703,,
0.349244534969,2,0.735000065,,
0.344699114561,2,0.765999964,,
0.243813350797,2,0.797000101,,
0.340698242188,2,0.844000032,,
0.375997155905,2,0.874999931,,
0.187293231487,2,0.906999996,,
0.169691562653,2,0.937999895,,
0.202966019511,1,0.031999996,,
0.188962891698,1,0.062999895,,
0.195367321372,1,0.094000032,,
0.185515910387,1,0.140999964,,
0.193338215351,1,0.172000101,,
0.189940139651,1,0.203,,
0.193905100226,1,0.235000065,,
0.205259159207,1,0.265999964,,
0.196269840002,1,0.297000101,,
0.193457826972,1,0.328,,
0.190167158842,1,0.374999931,,
0.190425753593,1,0.406999996,,
0.200426846743,1,0.437999895,,
0.188531711698,1,0.469000032,,
0.19217902422,1,0.499999931,,
0.184350773692,1,0.531999996,,
0.188718050718,1,0.578,,
0.205047100782,2,0.031999996,,
0.203435376287,2,0.062999895,,
0.21623441577,2,0.094000032,,
0.200094029307,2,0.140999964,,
0.20635637641,2,0.172000101,,
0.226484149694,2,0.203,,
0.207294672728,2,0.235000065,,
0.190838247538,2,0.265999964,,
0.203703567386,2,0.297000101,,
0.210938051343,1,0.031999996,,
0.204595118761,1,0.062999895,,
0.197548285127,1,0.094000032,,
0.205277279019,1,0.140999964,,
0.203060075641,1,0.172000101,,
0.201276272535,1,0.203,,
0.195973545313,1,0.235000065,,
0.199353814125,1,0.265999964,,
0.199949175119,1,0.297000101,,
0.203032851219,1,0.328,,
0.198539942503,1,0.374999931,,
0.197103887796,1,0.406999996,,
0.20527485013,1,0.437999895,,
0.203223258257,1,0.469000032,,
0.193658336997,1,0.499999931,,
0.197840794921,1,0.531999996,,
0.199312493205,1,0.578,,
0.215893298388,1,0.610000065,,
0.196931794286,1,0.672000101,,
0.216009765863,1,0.703,,
0.199075743556,1,0.735000065,,
0.199334725738,1,0.765999964,,
0.20580367744,1,0.797000101,,
0.204326182604,1,0.844000032,,
0.208759471774,1,0.874999931,,
0.199519962072,1,0.906999996,,
0.19774453342,1,0.937999895,,
0.197150424123,1,0.969000032,,
0.203892111778,1,0.999999931,,
0.203712031245,1,1.031999996,,
0.202442333102,1,1.062999895,,
0.20174460113,1,1.110000065,,
0.209627062082,1,0.031999996,,
0.200733691454,1,0.062999895,,
0.196444898844,1,0.094000032,,
0.198328003287,1,0.140999964,,
0.202030569315,1,0.172000101,,
0.203544542193,1,0.203,,
0.199150532484,1,0.235000065,,
0.193045943975,1,0.265999964,,
0.192092746496,1,0.297000101,,
0.190951764584,1,0.328,,
0.190107420087,1,0.374999931,,
0.181389212608,1,0.406999996,,
0.184743896127,1,0.437999895,,
0.186246469617,1,0.469000032,,
0.177989110351,1,0.499999931,,
0.191715791821,1,0.531999996,,
0.197356194258,1,0.578,,
0.182076126337,1,0.610000065,,
0.191484689713,1,0.672000101,,
0.196823388338,1,0.703,,
0.197319477797,1,0.735000065,,
0.19008512795,1,0.765999964,,
0.193741932511,1,0.797000101,,
0.190346509218,1,0.844000032,,
0.192421525717,1,0.874999931,,
0.194846525788,1,0.906999996,,
0.194727703929,1,0.937999895,,
0.191736683249,1,0.969000032,,
0.197561055422,1,0.999999931,,
0.191104158759,1,1.031999996,,
0.199107348919,1,1.062999895,,
0.186391308904,1,1.110000065,,
0.186644464731,1,1.140999964,,
0.178889960051,1,1.172000101,,
0.183644086123,1,1.203,,
0.185368686914,1,1.235000065,,
0.194740027189,1,1.265999964,,
0.186548158526,1,1.297000101,,
0.182858854532,1,1.344000032,,
0.177149891853,1,1.374999931,,
0.183344751596,1,1.406999996,,
0.180129319429,1,1.437999895,,
0.176461577415,1,1.469000032,,
0.180025070906,1,1.499999931,,
0.181808978319,1,1.531999996,,
0.193579927087,1,1.578,,
0.214488193393,1,1.610000065,,
0.230563372374,2,0.031999996,,
0.191920429468,2,0.062999895,,
0.286437660456,2,0.094000032,,
0.263365745544,2,0.140999964,,
0.234087795019,2,0.172000101,,
0.273547440767,2,0.203,,
0.292785465717,2,0.235000065,,
0.310812711716,2,0.265999964,,
0.33701390028,2,0.297000101,,
0.343984276056,1,0.031999996,,
0.205097526312,1,0.062999895,,
0.195488676429,1,0.094000032,,
0.200536131859,1,0.140999964,,
0.190755188465,1,0.172000101,,
0.187714010477,1,0.203,,
0.181955426931,1,0.235000065,,
0.17795586586,1,0.265999964,,
0.184006437659,1,0.297000101,,
0.186716407537,1,0.328,,
0.181608557701,1,0.374999931,,
0.176544770598,1,0.406999996,,
0.165773436427,1,0.437999895,,
0.0298296604306,2,0.031999996,,
0.0409406758845,2,0.062999895,,
0.0570161528885,2,0.094000032,,
0.184689074755,2,0.140999964,,
0.0831282511353,2,0.172000101,,
0.174273341894,2,0.203,,
0.329449385405,2,0.235000065,,
0.340681582689,2,0.265999964,,
0.360190272331,2,0.297000101,,
0.36743170023,1,0.031999996,,
0.369983494282,1,0.062999895,,
0.198779448867,1,0.094000032,,
0.207970112562,1,0.140999964,,
0.193658292294,1,0.172000101,,
0.181390732527,1,0.203,,
0.192470759153,1,0.235000065,,
0.176046103239,1,0.265999964,,
0.172188788652,1,0.297000101,,
0.188499808311,1,0.328,,
0.183232650161,1,0.374999931,,
0.176521241665,1,0.406999996,,
0.176908105612,1,0.437999895,,
0.183427333832,1,0.469000032,,
0.183367699385,1,0.499999931,,
0.173076033592,1,0.531999996,,
0.18121342361,1,0.578,,
0.17758384347,1,0.610000065,,
0.179114863276,1,0.672000101,,
0.179055660963,1,0.703,,
0.203346282244,1,0.735000065,,
0.182024925947,1,0.765999964,,
0.178712889552,1,0.797000101,,
0.151630565524,1,0.844000032,,
0.150866419077,1,0.874999931,,
0.189313948154,1,0.906999996,,
0.1936339885,1,0.937999895,,
0.180393531919,1,0.969000032,,
0.180744320154,1,0.999999931,,
0.176420211792,1,1.031999996,,
0.1787032336,1,1.062999895,,
0.182254642248,1,1.110000065,,
0.184522807598,1,1.140999964,,
0.180955335498,1,1.172000101,,
0.175055086613,1,1.203,,
0.176362872124,1,1.235000065,,
0.174011528492,1,1.265999964,,
0.170785486698,1,1.297000101,,
0.181503385305,1,1.344000032,,
0.169969290495,1,1.374999931,,
0.181439206004,1,1.406999996,,
0.17546787858,1,1.437999895,,
0.177097409964,1,1.469000032,,
0.191617384553,1,1.499999931,,
0.175891816616,1,1.531999996,,
0.173986837268,2,0.031999996,,
0.180440023541,2,0.062999895,,
0.166237860918,2,0.094000032,,
0.178539589047,2,0.140999964,,
0.174276471138,2,0.172000101,,
0.186026930809,2,0.203,,
0.18538223207,2,0.235000065,,
0.185358017683,2,0.265999964,,
0.176793217659,2,0.297000101,,
0.174600690603,2,0.328,,
0.182260751724,2,0.374999931,,
0.170531854033,2,0.406999996,,
0.178362160921,2,0.437999895,,
0.185151427984,2,0.469000032,,
0.18118417263,2,0.499999931,,
0.181802123785,2,0.531999996,,
0.180036067963,2,0.578,,
0.192939043045,2,0.610000065,,
0.181743130088,2,0.672000101,,
0.174036070704,2,0.703,,
0.174827471375,2,0.735000065,,
0.186173275113,2,0.765999964,,
0.179499581456,2,0.797000101,,
0.179496720433,2,0.844000032,,
0.171692311764,2,0.874999931,,
0.170427933335,1,0.031999996,,
0.174182265997,1,0.062999895,,
0.172028258443,1,0.094000032,,
0.179537713528,1,0.140999964,,
0.172797471285,1,0.172000101,,
0.172805964947,1,0.203,,
0.181099027395,1,0.235000065,,
0.175882309675,1,0.265999964,,
0.178906187415,1,0.297000101,,
0.17794059217,1,0.328,,
0.179955348372,1,0.374999931,,
0.155598729849,1,0.406999996,,
0.152524769306,1,0.437999895,,
0.172495380044,1,0.469000032,,
0.175145596266,1,0.499999931,,
0.182610601187,1,0.531999996,,
0.181787729263,1,0.578,,
0.178659170866,1,0.610000065,,
0.177635133266,1,0.672000101,,
0.175869092345,1,0.703,,
0.168342426419,1,0.735000065,,
0.1641382128,1,0.765999964,,
0.164726942778,1,0.797000101,,
0.156762212515,1,0.844000032,,
0.175660029054,1,0.874999931,,
0.17247775197,1,0.906999996,,
0.172336295247,1,0.937999895,,
0.166417017579,1,0.969000032,,
0.166283667088,1,0.999999931,,
0.162592694163,1,1.031999996,,
0.157583415508,1,1.062999895,,
0.187369972467,1,1.110000065,,
0.170690879226,1,1.140999964,,
0.177067548037,1,1.172000101,,
0.175048112869,1,1.203,,
0.173189789057,1,1.235000065,,
0.169648975134,1,1.265999964,,
0.159484148026,1,1.297000101,,
0.143121913075,1,1.344000032,,
0.147562623024,1,1.374999931,,
0.171021431684,1,1.406999996,,
0.157402724028,1,1.437999895,,
0.170328781009,1,1.469000032,,
0.149197071791,1,1.499999931,,
0.173709496856,1,1.531999996,,
0.154372394085,1,1.578,,
0.151998013258,1,1.610000065,,
0.151686236262,1,1.640999964,,
0.151491627097,1,1.672000101,,
0.153541475534,1,1.703,,
0.158567100763,1,1.735000065,,
0.164550989866,1,1.765999964,,
0.155598312616,1,1.797000101,,
0.168894276023,1,1.844000032,,
0.184687614441,1,1.874999931,,
0.159259915352,1,1.906999996,,
0.163955762982,1,1.937999895,,
0.158555477858,1,1.969000032,,
0.166394397616,1,0.031999996,,
0.182132542133,1,0.062999895,,
0.181371465325,1,0.094000032,,
0.177395328879,1,0.140999964,,
0.193999424577,1,0.172000101,,
0.172032788396,1,0.203,,
0.193186715245,1,0.235000065,,
0.170660376549,1,0.265999964,,
0.177853599191,1,0.297000101,,
0.176424711943,1,0.328,,
0.16576166451,1,0.374999931,,
0.16517958045,1,0.406999996,,
0.175708711147,1,0.437999895,,
0.179144442081,1,0.469000032,,
0.171754702926,1,0.499999931,,
0.168383643031,1,0.531999996,,
0.16830059886,1,0.578,,
0.187333911657,1,0.610000065,,
0.185353130102,1,0.672000101,,
0.189148753881,1,0.703,,
0.194724857807,1,0.735000065,,
0.188446491957,1,0.765999964,,
0.173901468515,1,0.797000101,,
0.176205068827,1,0.844000032,,
0.16735689342,1,0.874999931,,
0.178621828556,1,0.906999996,,
0.186344787478,1,0.937999895,,
0.177170321345,1,0.969000032,,
0.176503509283,1,0.999999931,,
0.188097447157,1,1.031999996,,
0.193088009953,1,1.062999895,,
0.178201213479,1,1.110000065,,
0.172035306692,1,1.140999964,,
0.18049415946,1,1.172000101,,
0.189442813396,1,1.203,,
0.183455377817,1,1.235000065,,
0.159437388182,1,1.265999964,,
0.181196600199,1,1.297000101,,
0.179301530123,1,1.344000032,,
0.172752931714,1,1.374999931,,
0.174172341824,1,1.406999996,,
0.17404319346,1,1.437999895,,
0.180355250835,1,1.469000032,,
0.193616271019,1,1.499999931,,
0.174161583185,1,1.531999996,,
0.170494407415,1,1.578,,
0.176893875003,1,1.610000065,,
0.177379354835,1,1.640999964,,
0.177515715361,1,1.672000101,,
0.199074789882,1,1.703,,
0.181274905801,1,1.735000065,,
0.166076928377,1,1.765999964,,
0.163169324398,1,1.797000101,,
0.162169873714,1,1.844000032,,
0.157303914428,1,1.874999931,,
0.167546123266,1,1.906999996,,
0.150489896536,1,1.937999895,,
0.153138548136,1,1.969000032,,
0.166263729334,1,1.999999931,,
0.161401242018,1,2.031999996,,
0.160660475492,1,2.078,,
0.170831158757,1,2.110000065,,
0.166181474924,1,2.140999964,,
0.161906853318,1,0.031999996,,
0.173174723983,1,0.062999895,,
0.154386177659,1,0.094000032,,
0.176589161158,1,0.140999964,,
0.177242711186,1,0.172000101,,
0.169416069984,1,0.203,,
0.163738042116,1,0.235000065,,
0.167788878083,1,0.265999964,,
0.170835673809,1,0.297000101,,
0.166351273656,1,0.328,,
0.161066442728,1,0.374999931,,
0.16151791811,1,0.406999996,,
0.156689018011,1,0.437999895,,
0.157122001052,1,0.469000032,,
0.167180642486,1,0.499999931,,
0.161237671971,1,0.531999996,,
0.167147189379,1,0.578,,
0.172751784325,1,0.610000065,,
0.163403302431,1,0.672000101,,
0.170641750097,1,0.703,,
0.176974728703,1,0.735000065,,
0.167751580477,1,0.765999964,,
0.160535827279,1,0.797000101,,
0.167227253318,1,0.844000032,,
0.166633695364,1,0.874999931,,
0.160888493061,1,0.906999996,,
0.176957130432,1,0.937999895,,
0.165475264192,1,0.969000032,,
0.165040105581,1,0.999999931,,
0.172285869718,1,1.031999996,,
0.175767451525,1,1.062999895,,
0.17520172894,1,1.110000065,,
0.17587377131,1,1.140999964,,
0.17166826129,1,1.172000101,,
0.164600908756,1,1.203,,
0.189895808697,1,1.235000065,,
0.195565342903,1,1.265999964,,
0.203724578023,1,1.297000101,,
0.192715138197,1,1.344000032,,
0.198752850294,1,1.374999931,,
0.188719004393,1,1.406999996,,
0.198814496398,1,1.437999895,,
0.176226109266,1,1.469000032,,
0.178410381079,1,1.499999931,,
0.164593949914,1,1.531999996,,
0.175163239241,1,1.578,,
0.172414019704,1,1.610000065,,
0.171691119671,1,1.640999964,,
0.179234996438,1,0.031999996,,
0.16552951932,1,0.062999895,,
0.171974092722,1,0.094000032,,
0.169979587197,1,0.140999964,,
0.170240074396,1,0.172000101,,
0.170609474182,1,0.203,,
0.16928884387,1,0.235000065,,
0.178439870477,1,0.265999964,,
0.17240691185,1,0.297000101,,
0.176110967994,1,0.328,,
0.166846603155,1,0.374999931,,
0.170819491148,1,0.406999996,,
0.160760238767,2,0.031999996,,
0.161572188139,2,0.062999895,,
0.167822986841,2,0.094000032,,
0.169685468078,2,0.140999964,,
0.175522878766,2,0.172000101,,
0.170769870281,1,0.203,,
0.1680855304,1,0.235000065,,
0.172247737646,1,0.265999964,,
0.166836351156,1,0.297000101,,
0.163287848234,1,0.328,,
0.176182106137,1,0.374999931,,
0.124652698636,2,0.031999996,,
0.127636104822,2,0.062999895,,
0.0225346945226,2,0.094000032,,
0.0353737510741,2,0.140999964,,
0.0591048672795,2,0.172000101,,
0.0806034654379,2,0.203,,
0.0937197729945,2,0.235000065,,
0.0659737810493,2,0.265999964,,
0.0718279927969,2,0.297000101,,
0.385286211967,2,0.328,,
0.183169975877,2,0.374999931,,
0.173718839884,1,0.031999996,,
0.182321995497,1,0.062999895,,
0.179546311498,1,0.094000032,,
0.180121511221,1,0.140999964,,
0.172362238169,1,0.172000101,,
0.184301584959,1,0.203,,
0.171319410205,1,0.235000065,,
0.178047925234,1,0.265999964,,
0.182551145554,1,0.297000101,,
0.184699326754,1,0.328,,
0.173975974321,1,0.374999931,,
0.172642201185,1,0.406999996,,
0.169897943735,1,0.437999895,,
0.187631770968,1,0.469000032,,
0.162940889597,1,0.499999931,,
0.17343595624,1,0.531999996,,
0.172927647829,1,0.578,,
0.183462515473,1,0.610000065,,
0.165495350957,1,0.672000101,,
0.192123875022,1,0.703,,
0.171877354383,1,0.735000065,,
0.172950953245,1,0.765999964,,
0.162911981344,2,0.031999996,,
0.185501947999,2,0.062999895,,
0.193176954985,2,0.094000032,,
0.191533595324,2,0.140999964,,
0.194452315569,2,0.172000101,,
0.187879577279,2,0.203,,
0.193030208349,2,0.235000065,,
0.189446911216,2,0.265999964,,
0.190507918596,2,0.297000101,,
0.192552581429,2,0.328,,
0.190683811903,2,0.374999931,,
0.187769964337,2,0.406999996,,
0.185534775257,2,0.437999895,,
0.187155604362,2,0.469000032,,
0.187830120325,2,0.499999931,,
0.18562695384,2,0.531999996,,
0.185656026006,2,0.578,,
0.185739710927,2,0.610000065,,
0.185039803386,2,0.672000101,,
0.183967813849,2,0.703,,
0.182436451316,2,0.735000065,,
0.179734706879,2,0.765999964,,
0.181735962629,2,0.797000101,,
0.180267393589,2,0.844000032,,
0.180797249079,2,0.874999931,,
0.18422152102,2,0.906999996,,
0.202183157206,2,0.937999895,,
0.188174128532,2,0.969000032,,
0.188462987542,1,0.031999996,,
0.190745562315,1,0.062999895,,
0.182505458593,1,0.094000032,,
0.18596586585,1,0.140999964,,
0.186011239886,1,0.172000101,,
0.179257720709,1,0.203,,
0.190259546041,1,0.235000065,,
0.184855341911,1,0.265999964,,
0.19097545743,1,0.297000101,,
0.179851740599,1,0.328,,
0.188646346331,1,0.374999931,,
0.189642831683,1,0.406999996,,
0.197780251503,1,0.437999895,,
0.186326056719,1,0.469000032,,
0.191901609302,1,0.499999931,,
0.191565334797,1,0.531999996,,
0.19166071713,1,0.578,,
0.189454689622,1,0.610000065,,
0.196661785245,1,0.672000101,,
0.18734164536,1,0.703,,
0.194628179073,1,0.735000065,,
0.196775227785,1,0.765999964,,
0.193603128195,1,0.797000101,,
0.199035212398,1,0.844000032,,
0.192078649998,1,0.874999931,,
0.190324664116,1,0.906999996,,
0.178981691599,1,0.937999895,,
0.188461631536,1,0.969000032,,
0.184102833271,1,0.999999931,,
0.190523147583,1,1.031999996,,
0.192209273577,1,1.062999895,,
0.191014260054,1,1.110000065,,
0.191349133849,1,1.140999964,,
0.187419459224,1,1.172000101,,
0.19155845046,1,1.203,,
0.188798859715,1,1.235000065,,
0.189687490463,1,1.265999964,,
0.191002294421,1,1.297000101,,
0.308797389269,1,1.344000032,,
0.273547500372,2,0.031999996,,
0.218451812863,2,0.062999895,,
0.275339752436,2,0.094000032,,
0.219551518559,2,0.140999964,,
0.282202780247,2,0.172000101,,
0.268995791674,2,0.203,,
0.219445586205,2,0.235000065,,
0.216143772006,2,0.265999964,,
0.220078825951,2,0.297000101,,
0.210908204317,2,0.328,,
0.187273994088,2,0.374999931,,
0.188938498497,2,0.406999996,,
0.18630439043,2,0.437999895,,
0.188029974699,2,0.469000032,,
0.187633916736,2,0.499999931,,
0.188125237823,2,0.531999996,,
0.192311376333,2,0.578,,
0.19287724793,2,0.610000065,,
0.194130331278,2,0.672000101,,
0.190606564283,2,0.703,,
0.18491590023,2,0.735000065,,
0.186906412244,2,0.765999964,,
0.184558957815,2,0.797000101,,
0.185739129782,2,0.844000032,,
0.189706593752,2,0.874999931,,
0.187157541513,2,0.906999996,,
0.185011923313,2,0.937999895,,
0.178040117025,2,0.969000032,,
0.162461966276,2,0.999999931,,
0.156914174557,2,1.031999996,,
0.156626626849,2,1.062999895,,
0.159875541925,2,1.110000065,,
0.161842226982,2,1.140999964,,
0.161612376571,2,1.172000101,,
0.161367639899,2,1.203,,
0.158286884427,2,1.235000065,,
0.159635275602,2,1.265999964,,
0.113108932972,2,1.297000101,,
0.127745822072,2,1.344000032,,
0.561959147453,2,1.374999931,,
0.0809257403016,2,1.406999996,,
0.125999942422,2,1.437999895,,
0.0524549558759,2,1.469000032,,
0.069970741868,2,1.499999931,,
0.145501151681,1,0.031999996,,
0.181655094028,1,0.062999895,,
0.389761924744,1,0.094000032,,
0.236523896456,2,0.031999996,,
0.226210266352,2,0.062999895,,
0.22570745647,2,0.094000032,,
0.258688688278,2,0.140999964,,
0.0534183606505,2,0.172000101,,
0.186442166567,2,0.203,,
0.277784109116,2,0.235000065,,
0.209298849106,1,0.031999996,,
0.213923051953,1,0.062999895,,
0.186808183789,1,0.094000032,,
0.176139771938,1,0.140999964,,
0.212268620729,1,0.172000101,,
0.187491327524,1,0.203,,
0.207367017865,1,0.235000065,,
0.206320047379,1,0.265999964,,
0.178860351443,1,0.297000101,,
0.176232069731,1,0.328,,
0.202847361565,1,0.374999931,,
0.176479488611,1,0.406999996,,
0.173529341817,1,0.437999895,,
0.175195485353,1,0.469000032,,
0.169443428516,1,0.499999931,,
0.169499740005,1,0.531999996,,
0.167263776064,1,0.578,,
0.168950766325,1,0.610000065,,
0.145251005888,1,0.672000101,,
0.0306785516441,2,0.031999996,,
0.0360365398228,2,0.062999895,,
0.0513656847179,2,0.094000032,,
0.0422286838293,2,0.140999964,,
0.14433708787,2,0.172000101,,
0.156587898731,2,0.203,,
0.161538898945,1,0.031999996,,
0.163719296455,1,0.062999895,,
0.184250935912,1,0.094000032,,
0.190416634083,1,0.140999964,,
0.273491919041,1,0.172000101,,
0.187688559294,1,0.203,,
0.187186837196,1,0.235000065,,
0.188226401806,1,0.265999964,,
0.183603078127,1,0.297000101,,
0.182040840387,1,0.328,,
0.176105231047,1,0.374999931,,
0.173055380583,1,0.406999996,,
0.166054084897,1,0.437999895,,
0.173642098904,1,0.469000032,,
0.172809764743,1,0.499999931,,
0.173096120358,1,0.531999996,,
0.175184339285,1,0.578,,
0.174344599247,1,0.610000065,,
0.173607006669,1,0.672000101,,
0.171830013394,1,0.703,,
0.167265146971,1,0.735000065,,
0.16301509738,1,0.765999964,,
0.16501763463,1,0.797000101,,
0.173944443464,1,0.844000032,,
0.180409565568,1,0.874999931,,
0.177713558078,1,0.906999996,,
0.1695766747,1,0.937999895,,
0.184769019485,1,0.969000032,,
0.167571485043,1,0.999999931,,
0.164619162679,1,1.031999996,,
0.156732454896,1,1.062999895,,
0.168283224106,1,1.110000065,,
0.164779245853,1,1.140999964,,
0.163549020886,2,0.031999996,,
0.170524686575,2,0.062999895,,
0.164794579148,2,0.094000032,,
0.163167417049,2,0.140999964,,
0.181263357401,2,0.172000101,,
0.178671479225,2,0.203,,
0.18493154645,2,0.235000065,,
0.179430544376,2,0.265999964,,
0.166308552027,2,0.297000101,,
0.174651369452,2,0.328,,
0.17908026278,2,0.374999931,,
0.166848629713,2,0.406999996,,
0.172789603472,2,0.437999895,,
0.166461855173,2,0.469000032,,
0.1693354249,2,0.499999931,,
0.177262842655,2,0.531999996,,
0.183301672339,2,0.578,,
0.324457764626,2,0.610000065,,
0.277575552464,2,0.672000101,,
0.237016826868,2,0.703,,
0.242554187775,2,0.735000065,,
0.243780821562,2,0.765999964,,
0.22162155807,2,0.797000101,,
0.222290322185,2,0.844000032,,
0.241950422525,2,0.874999931,,
0.249040961266,2,0.906999996,,
0.306071102619,2,0.937999895,,
0.279746353626,2,0.969000032,,
0.325822025537,2,0.999999931,,
0.259957075119,2,1.031999996,,
0.301020145416,2,1.062999895,,
0.270560503006,2,1.110000065,,
0.264974415302,2,1.140999964,,
0.205073282123,2,1.172000101,,
0.227128386497,2,1.203,,
0.31532150507,2,1.235000065,,
0.277053415775,2,1.265999964,,
0.271197199821,2,1.297000101,,
0.296855866909,2,1.344000032,,
0.197940737009,2,1.374999931,,
0.192472845316,2,1.406999996,,
0.201263383031,2,1.437999895,,
0.187682598829,2,1.469000032,,
0.291025519371,2,1.499999931,,
0.289280891418,2,1.531999996,,
0.323632001877,2,1.578,,
0.311391294003,2,0.031999996,,
0.32494327426,2,0.062999895,,
0.207269474864,2,0.094000032,,
0.318077147007,2,0.140999964,,
0.208165600896,2,0.172000101,,
0.219682812691,2,0.203,,
0.203015953302,2,0.235000065,,
0.212347432971,2,0.265999964,,
0.1830817312,2,0.297000101,,
0.0663300678134,2,0.328,,
0.0867613852024,2,0.374999931,,
0.0477189384401,2,0.406999996,,
0.162001982331,2,0.437999895,,
0.185448139906,2,0.469000032,,
0.183120235801,1,0.031999996,,
0.214498281479,1,0.062999895,,
0.188693255186,1,0.094000032,,
0.190040051937,1,0.140999964,,
0.19156460464,1,0.172000101,,
0.19156460464,1,0.203,,
0.199807748199,1,0.235000065,,
0.212075039744,1,0.265999964,,
0.236938640475,2,0.031999996,,
0.228845193982,2,0.062999895,,
0.22852499783,2,0.094000032,,
0.226314738393,2,0.140999964,,
0.21999168396,2,0.172000101,,
0.217603683472,2,0.203,,
0.212011426687,2,0.235000065,,
0.214001744986,2,0.265999964,,
0.158724576235,2,0.297000101,,
0.0855520218611,2,0.328,,
0.0490964576602,2,0.374999931,,
0.0293065998703,2,0.406999996,,
0.0740804597735,2,0.437999895,,
0.160181373358,2,0.469000032,,
0.197024315596,2,0.499999931,,
0.191681236029,2,0.531999996,,
0.198815688491,2,0.578,,
0.214422658086,2,0.610000065,,
0.218148946762,2,0.672000101,,
0.207797020674,2,0.703,,
0.209617465734,2,0.735000065,,
0.215069204569,2,0.765999964,,
0.214843079448,2,0.797000101,,
0.22294101119,2,0.031999996,,
0.226499766111,2,0.062999895,,
0.248341873288,2,0.094000032,,
0.231085345149,2,0.140999964,,
0.240312218666,2,0.172000101,,
0.232905820012,2,0.203,,
0.225097820163,2,0.235000065,,
0.215234324336,2,0.265999964,,
0.227914616466,2,0.297000101,,
0.218808889389,2,0.328,,
0.225787475705,2,0.374999931,,
0.220064967871,2,0.406999996,,
0.229282543063,2,0.437999895,,
0.218646973372,2,0.469000032,,
0.222536832094,2,0.499999931,,
0.230473473668,2,0.531999996,,
0.230565026402,2,0.578,,
0.217771619558,2,0.610000065,,
0.220440149307,2,0.672000101,,
0.23420509696,2,0.703,,
0.215952321887,2,0.735000065,,
0.216825202107,2,0.765999964,,
0.215230464935,2,0.797000101,,
0.214885279536,2,0.844000032,,
0.236950665712,2,0.874999931,,
0.236095428467,2,0.906999996,,
0.220176026225,2,0.937999895,,
0.232584670186,2,0.969000032,,
0.244249269366,2,0.999999931,,
0.22450581193,2,1.031999996,,
0.22220274806,2,1.062999895,,
0.237506955862,2,1.110000065,,
0.215817928314,2,1.140999964,,
0.237112492323,2,1.172000101,,
0.225626707077,2,1.203,,
0.23339240253,2,1.235000065,,
0.230614736676,2,1.265999964,,
0.235358998179,2,1.297000101,,
0.234317034483,2,1.344000032,,
0.21061463654,2,1.374999931,,
0.213142827153,2,1.406999996,,
0.219606071711,2,1.437999895,,
0.212243869901,2,1.469000032,,
0.22168071568,2,1.499999931,,
0.217047482729,2,1.531999996,,
0.236037328839,2,0.031999996,,
0.216292068362,2,0.062999895,,
0.221983700991,2,0.094000032,,
0.226748377085,2,0.140999964,,
0.226147085428,2,0.172000101,,
0.226829007268,2,0.203,,
0.218038916588,2,0.235000065,,
0.217020064592,2,0.265999964,,
0.212619259953,2,0.297000101,,
0.213707178831,2,0.328,,
0.217525914311,2,0.374999931,,
0.223289608955,2,0.406999996,,
0.211774781346,2,0.437999895,,
0.20390959084,2,0.469000032,,
0.204144909978,2,0.499999931,,
0.213423162699,2,0.531999996,,
0.20896422863,2,0.578,,
0.212064787745,2,0.610000065,,
0.198787167668,2,0.672000101,,
0.199420705438,1,0.703,,
0.226216942072,2,0.735000065,,
0.215885192156,2,0.765999964,,
0.212975949049,2,0.797000101,,
0.212590411305,2,0.844000032,,
0.250498384237,2,0.874999931,,
0.193950414658,1,0.031999996,,
0.20420832932,1,0.062999895,,
0.202278062701,1,0.094000032,,
0.197702407837,1,0.140999964,,
0.214322686195,1,0.172000101,,
0.195544347167,1,0.203,,
0.214578121901,1,0.235000065,,
0.20009021461,1,0.265999964,,
0.193930506706,1,0.297000101,,
0.189270883799,1,0.328,,
0.19928380847,1,0.374999931,,
0.199252158403,1,0.406999996,,
0.183647841215,1,0.437999895,,
0.196610495448,1,0.469000032,,
0.201473519206,1,0.499999931,,
0.198003262281,1,0.531999996,,
0.198400855064,1,0.578,,
0.195058614016,1,0.610000065,,
0.206579238176,1,0.672000101,,
0.197625264525,1,0.703,,
0.272214233875,1,0.735000065,,
0.338028311729,2,0.031999996,,
0.341325461864,2,0.062999895,,
0.349444031715,2,0.094000032,,
0.34131193161,2,0.140999964,,
0.339100837708,2,0.172000101,,
0.227402925491,2,0.203,,
0.340685755014,2,0.235000065,,
0.34597325325,2,0.265999964,,
0.327562600374,2,0.297000101,,
0.328963816166,2,0.328,,
0.304226696491,2,0.374999931,,
0.300790250301,2,0.406999996,,
0.294854581356,2,0.437999895,,
0.30830591917,2,0.469000032,,
0.301147758961,2,0.499999931,,
0.299080580473,2,0.531999996,,
0.302597612143,2,0.578,,
0.302385866642,2,0.610000065,,
0.304586678743,2,0.672000101,,
0.333425819874,2,0.703,,
0.310694813728,2,0.735000065,,
0.251783072948,2,0.765999964,,
0.21555018425,2,0.797000101,,
0.0759953409433,2,0.844000032,,
0.0332603380084,2,0.874999931,,
0.0344067290425,2,0.906999996,,
0.14247623086,2,0.937999895,,
0.218762591481,2,0.969000032,,
0.190798819065,2,0.999999931,,
0.15379139781,2,1.031999996,,
0.221441358328,2,1.062999895,,
0.223826050758,2,1.110000065,,
0.135280638933,2,1.140999964,,
0.158325880766,2,1.172000101,,
0.179096400738,2,1.203,,
0.174950510263,2,1.235000065,,
0.166343078017,2,1.265999964,,
0.177729576826,2,1.297000101,,
0.182245433331,2,0.031999996,,
0.17883387208,2,0.062999895,,
0.184534281492,2,0.094000032,,
0.178411513567,2,0.140999964,,
0.179467990994,2,0.172000101,,
0.182584613562,2,0.203,,
0.18153783679,2,0.235000065,,
0.182511568069,2,0.265999964,,
0.182955294847,2,0.297000101,,
0.176695868373,2,0.328,,
0.179232090712,2,0.374999931,,
0.226317480206,2,0.406999996,,
0.0265674944967,2,0.437999895,,
0.0864159017801,2,0.469000032,,
0.205930441618,2,0.499999931,,
0.217325493693,2,0.531999996,,
0.0880248099566,2,0.578,,
0.135083004832,2,0.610000065,,
0.143318906426,2,0.672000101,,
0.247177645564,2,0.703,,
0.0408807694912,2,0.735000065,,
0.293772280216,2,0.765999964,,
0.315480142832,2,0.797000101,,
0.349880754948,2,0.844000032,,
0.342812597752,2,0.874999931,,
0.366552293301,2,0.906999996,,
0.382087409496,2,0.937999895,,
0.367937028408,2,0.969000032,,
0.361969321966,2,0.999999931,,
0.0754612535238,2,1.031999996,,
0.368716239929,2,1.062999895,,
0.35856795311,2,1.110000065,,
0.307178497314,2,1.140999964,,
0.351686805487,2,1.172000101,,
0.0851760879159,2,1.203,,
0.320921689272,2,1.235000065,,
0.367220550776,2,1.265999964,,
0.483322441578,2,1.297000101,,
0.444981873035,2,1.344000032,,
0.0517074838281,2,1.374999931,,
0.0451974980533,2,1.406999996,,
0.406397283077,2,1.437999895,,
0.57138979435,1,0.031999996,,
0.529211759567,1,0.062999895,,
0.503748059273,1,0.094000032,,
0.204784393311,1,0.140999964,,
0.245170354843,1,0.172000101,,
0.196113482118,1,0.203,,
0.200981259346,1,0.235000065,,
0.199736818671,1,0.265999964,,
0.191937252879,1,0.297000101,,
0.202127739787,1,0.328,,
0.201685592532,1,0.374999931,,
0.201575636864,1,0.406999996,,
0.202759176493,1,0.437999895,,
0.19743271172,1,0.469000032,,
0.202232480049,1,0.499999931,,
0.212392017245,1,0.531999996,,
0.187350422144,2,0.031999996,,
0.214211180806,2,0.062999895,,
0.222393676639,2,0.094000032,,
0.227358773351,2,0.140999964,,
0.232094794512,2,0.172000101,,
0.216483280063,2,0.203,,
0.234366863966,2,0.235000065,,
0.21861512959,2,0.265999964,,
0.211214929819,2,0.297000101,,
0.20604467392,2,0.328,,
0.205315902829,2,0.374999931,,
0.20846645534,2,0.406999996,,
0.207275107503,2,0.437999895,,
0.222274273634,2,0.469000032,,
0.210845902562,2,0.499999931,,
0.209467694163,2,0.531999996,,
0.205718711019,2,0.578,,
0.212581709027,2,0.610000065,,
0.226128056645,2,0.672000101,,
0.221232265234,2,0.703,,
0.221668198705,2,0.735000065,,
0.221286699176,2,0.765999964,,
0.214392095804,2,0.797000101,,
0.209027320147,2,0.844000032,,
0.218773126602,2,0.874999931,,
0.218486785889,2,0.906999996,,
0.200163692236,2,0.937999895,,
0.209689944983,2,0.969000032,,
0.21742875874,2,0.999999931,,
0.218292087317,2,1.031999996,,
0.21701297164,2,1.062999895,,
0.212872698903,2,1.110000065,,
0.229367285967,2,1.140999964,,
0.237329557538,2,1.172000101,,
0.218937799335,2,1.203,,
0.217854708433,2,1.235000065,,
0.207076787949,2,1.265999964,,
0.20360057056,2,1.297000101,,
0.203122347593,2,1.344000032,,
0.210369199514,2,1.374999931,,
0.20394615829,2,1.406999996,,
0.207449227571,2,1.437999895,,
0.208155468106,2,1.469000032,,
0.210376828909,2,1.499999931,,
0.205538108945,2,1.531999996,,
0.235131651163,2,1.578,,
0.209435731173,2,1.610000065,,
0.205818608403,2,1.640999964,,
0.209934443235,2,1.672000101,,
0.199485331774,1,0.031999996,,
0.191977664828,1,0.062999895,,
0.197154209018,1,0.094000032,,
0.194798350334,1,0.140999964,,
0.190372556448,1,0.172000101,,
0.195855244994,1,0.203,,
0.192957803607,1,0.235000065,,
0.19402423501,1,0.265999964,,
0.195684343576,1,0.297000101,,
0.196934193373,1,0.328,,
0.192241296172,1,0.374999931,,
0.193359300494,1,0.406999996,,
0.191739946604,1,0.437999895,,
0.192094609141,1,0.469000032,,
0.192367225885,1,0.499999931,,
0.179267942905,1,0.531999996,,
0.181028574705,1,0.578,,
0.191978827119,1,0.610000065,,
0.199677824974,1,0.672000101,,
0.196450561285,1,0.703,,
0.197710111737,1,0.735000065,,
0.1949531883,1,0.765999964,,
0.190650805831,1,0.797000101,,
0.198115110397,1,0.844000032,,
0.204533025622,1,0.874999931,,
0.217571616173,1,0.906999996,,
0.193891778588,1,0.937999895,,
0.202122762799,1,0.969000032,,
0.191651448607,2,0.031999996,,
0.204464390874,2,0.062999895,,
0.202260255814,2,0.094000032,,
0.207767963409,2,0.140999964,,
0.202842354774,2,0.172000101,,
0.203336685896,2,0.203,,
0.208544850349,2,0.235000065,,
0.233230546117,2,0.265999964,,
0.206322595477,2,0.297000101,,
0.200566619635,2,0.328,,
0.193537056446,2,0.374999931,,
0.203632801771,2,0.406999996,,
0.211921453476,2,0.437999895,,
0.2101367414,2,0.469000032,,
0.207007795572,2,0.499999931,,
0.201277092099,1,0.031999996,,
0.199461773038,1,0.062999895,,
0.200828224421,1,0.094000032,,
0.207543373108,1,0.140999964,,
0.202619791031,1,0.172000101,,
0.208051115274,1,0.203,,
0.192496374249,1,0.235000065,,
0.194744735956,1,0.265999964,,
0.212468355894,1,0.297000101,,
0.201644182205,1,0.328,,
0.195869117975,1,0.374999931,,
0.201555773616,1,0.406999996,,
0.20808801055,1,0.437999895,,
0.19380132854,1,0.469000032,,
0.203243091702,1,0.499999931,,
0.192242503166,1,0.531999996,,
0.18458840251,1,0.578,,
0.183831453323,1,0.610000065,,
0.193533629179,1,0.672000101,,
0.195946469903,1,0.703,,
0.189234733582,1,0.735000065,,
0.194441914558,1,0.765999964,,
0.196917265654,1,0.797000101,,
0.180972576141,1,0.844000032,,
0.172524631023,1,0.874999931,,
0.17806763947,1,0.906999996,,
0.184202432632,1,0.937999895,,
0.182625383139,1,0.969000032,,
0.180558413267,1,0.999999931,,
0.20054154098,1,1.031999996,,
0.186908558011,1,1.062999895,,
0.164839476347,1,1.110000065,,
0.164231047034,1,1.140999964,,
0.172559291124,1,1.172000101,,
0.169052809477,1,1.203,,
0.167959854007,1,1.235000065,,
0.170641750097,1,1.265999964,,
0.192295044661,1,1.297000101,,
0.194815412164,1,1.344000032,,
0.173693746328,1,1.374999931,,
0.167147636414,1,1.406999996,,
0.199565172195,1,1.437999895,,
0.210756108165,2,0.031999996,,
0.208833575249,2,0.062999895,,
0.203163176775,2,0.094000032,,
0.201243191957,2,0.140999964,,
0.204134896398,2,0.172000101,,
0.205594852567,2,0.203,,
0.198200240731,2,0.235000065,,
0.227363973856,2,0.265999964,,
0.241573065519,2,0.297000101,,
0.200498893857,2,0.328,,
0.208914592862,2,0.374999931,,
0.20395822823,2,0.406999996,,
0.208591654897,2,0.437999895,,
0.208067536354,2,0.469000032,,
0.208320066333,2,0.499999931,,
0.19965299964,2,0.531999996,,
0.210583999753,2,0.578,,
0.20751555264,2,0.610000065,,
0.202428847551,2,0.672000101,,
0.207330822945,2,0.703,,
0.195867329836,2,0.735000065,,
0.205981850624,2,0.765999964,,
0.210732370615,2,0.797000101,,
0.224116593599,2,0.844000032,,
0.209662884474,2,0.874999931,,
0.20228369534,2,0.906999996,,
0.21322068572,2,0.937999895,,
0.209415361285,2,0.969000032,,
0.213983148336,2,0.999999931,,
0.211752250791,2,1.031999996,,
0.212081506848,2,1.062999895,,
0.194969087839,2,1.110000065,,
0.195468172431,2,1.140999964,,
0.194073945284,2,1.172000101,,
0.182770654559,1,0.031999996,,
0.190441340208,1,0.062999895,,
0.180551379919,1,0.094000032,,
0.188662737608,1,0.140999964,,
0.18454298377,1,0.172000101,,
0.191027447581,1,0.203,,
0.194152355194,1,0.235000065,,
0.194445550442,1,0.265999964,,
0.19646845758,1,0.297000101,,
0.185074225068,1,0.328,,
0.182439595461,1,0.374999931,,
0.180330559611,1,0.406999996,,
0.180660277605,1,0.437999895,,
0.180414825678,1,0.469000032,,
0.184122934937,1,0.499999931,,
0.194573163986,1,0.531999996,,
0.185820788145,1,0.578,,
0.187562704086,1,0.610000065,,
0.190303444862,1,0.672000101,,
0.175374180079,1,0.703,,
0.181906983256,1,0.735000065,,
0.195920467377,1,0.765999964,,
0.193739205599,1,0.797000101,,
0.241775110364,1,0.844000032,,
0.182318806648,1,0.874999931,,
0.180989131331,1,0.906999996,,
0.180145248771,1,0.937999895,,
0.180795758963,1,0.969000032,,
0.180443227291,1,0.999999931,,
0.0801414474845,1,1.031999996,,
0.0334315747023,1,1.062999895,,
0.0909950658679,1,1.110000065,,
0.141970485449,1,1.140999964,,
0.153430208564,1,1.172000101,,
0.172100931406,1,1.203,,
0.1779974401,2,0.031999996,,
0.1701567173,2,0.062999895,,
0.176620975137,2,0.094000032,,
0.191816002131,2,0.140999964,,
0.178955063224,2,0.172000101,,
0.179867342114,2,0.203,,
0.185860738158,2,0.235000065,,
0.183605059981,2,0.265999964,,
0.183776885271,2,0.297000101,,
0.185146585107,2,0.328,,
0.184786468744,2,0.374999931,,
0.188191741705,2,0.406999996,,
0.186576396227,2,0.437999895,,
0.189084559679,2,0.469000032,,
0.180542856455,2,0.499999931,,
0.171492144465,1,0.031999996,,
0.154754713178,1,0.062999895,,
0.160119026899,1,0.094000032,,
0.157838881016,1,0.140999964,,
0.172720700502,1,0.172000101,,
0.171191871166,1,0.203,,
0.149658083916,2,0.031999996,,
0.158900842071,2,0.062999895,,
0.160508707166,2,0.094000032,,
0.15830206871,2,0.140999964,,
0.159587740898,2,0.172000101,,
0.164566531777,2,0.203,,
0.16688272357,2,0.235000065,,
0.149369865656,2,0.265999964,,
0.158259317279,2,0.297000101,,
0.160784468055,2,0.328,,
0.156579703093,2,0.374999931,,
0.162826195359,2,0.406999996,,
0.174906000495,2,0.437999895,,
0.153048411012,2,0.469000032,,
0.155295401812,2,0.499999931,,
0.153460219502,2,0.531999996,,
0.15578225255,1,0.031999996,,
0.158056646585,1,0.062999895,,
0.16220074892,1,0.094000032,,
0.161024063826,1,0.140999964,,
0.161159455776,1,0.172000101,,
0.169278293848,1,0.203,,
0.162495926023,1,0.235000065,,
0.166951745749,1,0.265999964,,
0.163630589843,1,0.297000101,,
0.16396176815,1,0.328,,
0.159374520183,1,0.374999931,,
0.154507085681,1,0.406999996,,
0.171198442578,1,0.437999895,,
0.166237294674,1,0.469000032,,
0.184604674578,1,0.499999931,,
0.162844926119,1,0.531999996,,
0.165766447783,1,0.578,,
0.160334646702,1,0.610000065,,
0.168860465288,1,0.672000101,,
0.158824071288,1,0.703,,
0.16014406085,1,0.735000065,,
0.168186083436,1,0.765999964,,
0.176374495029,1,0.797000101,,
0.161310464144,1,0.844000032,,
0.159371748567,1,0.874999931,,
0.172068327665,1,0.906999996,,
0.164223745465,1,0.937999895,,
0.161374226213,1,0.969000032,,
0.158425420523,1,0.999999931,,
0.157827019691,1,1.031999996,,
0.185612782836,1,1.062999895,,
0.142497867346,1,1.110000065,,
0.153953120112,1,1.140999964,,
0.149197474122,1,1.172000101,,
0.15079523623,1,1.203,,
0.166069075465,2,0.031999996,,
0.162800341845,2,0.062999895,,
0.161203533411,2,0.094000032,,
0.163278847933,2,0.140999964,,
0.157000303268,2,0.172000101,,
0.158608436584,2,0.203,,
0.174533098936,2,0.235000065,,
0.161328569055,2,0.265999964,,
0.160073012114,2,0.297000101,,
0.170545965433,2,0.328,,
0.170330137014,2,0.374999931,,
0.159936562181,2,0.406999996,,
0.172091409564,2,0.437999895,,
0.149583622813,2,0.469000032,,
0.161243230104,2,0.499999931,,
0.153826639056,2,0.531999996,,
0.170142024755,1,0.031999996,,
0.172175019979,1,0.062999895,,
0.182883650064,1,0.094000032,,
0.171011149883,1,0.140999964,,
0.17284078896,1,0.172000101,,
0.172631591558,1,0.203,,
0.168133094907,1,0.235000065,,
0.164751142263,1,0.265999964,,
0.16285276413,1,0.297000101,,
0.166722282767,1,0.328,,
0.159041374922,1,0.374999931,,
0.171405598521,1,0.406999996,,
0.173445418477,1,0.437999895,,
0.171080797911,1,0.469000032,,
0.173828884959,1,0.499999931,,
0.183339029551,1,0.531999996,,
0.175575569272,1,0.578,,
0.163170784712,1,0.610000065,,
0.158315047622,1,0.672000101,,
0.166295334697,1,0.703,,
0.158357530832,1,0.735000065,,
0.168007940054,1,0.765999964,,
0.171989426017,1,0.797000101,,
0.180122062564,1,0.844000032,,
0.163553804159,1,0.874999931,,
0.164270594716,1,0.906999996,,
0.159355014563,1,0.937999895,,
0.159662380815,1,0.969000032,,
0.163539737463,1,0.999999931,,
0.164321929216,1,1.031999996,,
0.16769208014,1,1.062999895,,
0.162807881832,1,1.110000065,,
0.17631675303,1,1.140999964,,
0.167489498854,1,1.172000101,,
0.168358564377,1,1.203,,
0.16428309679,1,1.235000065,,
0.165298730135,1,1.265999964,,
0.164991691709,1,1.297000101,,
0.157664000988,1,1.344000032,,
0.171292677522,1,0.031999996,,
0.169113948941,1,0.062999895,,
0.166552767158,1,0.094000032,,
0.168264597654,1,0.140999964,,
0.179980546236,1,0.172000101,,
0.174156561494,1,0.203,,
0.17327657342,1,0.235000065,,
0.169222682714,1,0.265999964,,
0.199530795217,1,0.297000101,,
0.167601570487,1,0.328,,
0.168133556843,1,0.374999931,,
0.169754356146,1,0.406999996,,
0.162024840713,1,0.437999895,,
0.162013813853,1,0.469000032,,
0.165969282389,1,0.499999931,,
0.165087834001,1,0.531999996,,
0.165145769715,1,0.578,,
0.167000383139,1,0.610000065,,
0.162458151579,1,0.672000101,,
0.162565469742,1,0.703,,
0.163882762194,1,0.735000065,,
0.17042799294,1,0.765999964,,
0.18309623003,1,0.797000101,,
0.169243395329,1,0.844000032,,
0.177587717772,1,0.874999931,,
0.169166833162,1,0.906999996,,
0.170846194029,1,0.937999895,,
0.160678327084,1,0.969000032,,
0.120081320405,2,0.031999996,,
0.141088157892,2,0.062999895,,
0.142461925745,2,0.094000032,,
0.177193954587,2,0.140999964,,
0.161395415664,2,0.172000101,,
0.165195137262,1,0.031999996,,
0.16920825839,1,0.062999895,,
0.168869450688,1,0.094000032,,
0.188469931483,1,0.140999964,,
0.167053669691,1,0.172000101,,
0.170835509896,1,0.203,,
0.168606549501,1,0.235000065,,
0.180602222681,1,0.265999964,,
0.164394825697,1,0.297000101,,
0.163122445345,1,0.328,,
0.167697712779,1,0.374999931,,
0.192304730415,1,0.406999996,,
0.171302571893,1,0.437999895,,
0.1848500669,1,0.469000032,,
0.184182539582,1,0.499999931,,
0.164009481668,1,0.531999996,,
0.183193832636,1,0.578,,
0.169119790196,1,0.610000065,,
0.1660233289,1,0.672000101,,
0.166800931096,1,0.703,,
0.169537216425,1,0.735000065,,
0.171208769083,1,0.765999964,,
0.167547821999,1,0.797000101,,
0.170091077685,1,0.844000032,,
0.166519373655,1,0.874999931,,
0.166524901986,1,0.906999996,,
0.186761066318,1,0.937999895,,
0.18684668839,1,0.969000032,,
0.168378084898,1,0.999999931,,
0.171840816736,1,1.031999996,,
0.163247779012,2,0.031999996,,
0.17635884881,2,0.062999895,,
0.180628553033,2,0.094000032,,
0.165787577629,1,0.031999996,,
0.165193647146,1,0.062999895,,
0.185621082783,1,0.094000032,,
0.172960191965,1,0.140999964,,
0.169545575976,1,0.172000101,,
0.163538366556,1,0.203,,
0.163923799992,1,0.235000065,,
0.164016157389,1,0.265999964,,
0.168816834688,1,0.297000101,,
0.16420468688,1,0.328,,
0.168846935034,1,0.374999931,,
0.188830018044,1,0.406999996,,
0.184792354703,1,0.437999895,,
0.169660955667,1,0.469000032,,
0.1740154773,1,0.499999931,,
0.200725242496,1,0.531999996,,
0.186567336321,1,0.578,,
0.168846562505,1,0.610000065,,
0.168320372701,1,0.672000101,,
0.16932182014,1,0.703,,
0.167393356562,1,0.735000065,,
0.165175408125,1,0.765999964,,
0.185477048159,1,0.797000101,,
0.173656255007,1,0.031999996,,
0.181388497353,1,0.062999895,,
0.173009485006,1,0.094000032,,
0.17405448854,1,0.140999964,,
0.175459802151,1,0.172000101,,
0.171218559146,1,0.203,,
0.17295281589,1,0.235000065,,
0.173060521483,1,0.265999964,,
0.190456956625,1,0.297000101,,
0.167950704694,1,0.328,,
0.166213661432,1,0.374999931,,
0.175443917513,1,0.406999996,,
0.186610296369,1,0.437999895,,
0.173821002245,1,0.469000032,,
0.175161331892,1,0.499999931,,
0.187105625868,1,0.531999996,,
0.186313122511,1,0.578,,
0.181601911783,1,0.610000065,,
0.18066072464,1,0.672000101,,
0.17457048595,1,0.703,,
0.178104370832,1,0.735000065,,
0.183572918177,1,0.765999964,,
0.190065950155,1,0.797000101,,
0.173605948687,1,0.844000032,,
0.179332002997,1,0.874999931,,
0.190080299973,1,0.906999996,,
0.242843955755,1,0.937999895,,
0.225821256638,1,0.969000032,,
0.195741131902,1,0.999999931,,
0.187529116869,1,1.031999996,,
0.18738630414,1,1.062999895,,
0.154112324119,1,1.110000065,,
0.0662738382816,1,1.140999964,,
0.0969610363245,1,1.172000101,,
0.13249078393,1,1.203,,
0.154711917043,1,1.235000065,,
0.156020671129,1,1.265999964,,
0.164432257414,1,1.297000101,,
0.167540118098,1,1.344000032,,
0.179384663701,1,1.374999931,,
0.204192280769,2,0.031999996,,
0.200876146555,2,0.062999895,,
0.208352446556,2,0.094000032,,
0.198681086302,2,0.140999964,,
0.20452812314,2,0.172000101,,
0.196632489562,2,0.203,,
0.199996873736,2,0.235000065,,
0.218992263079,2,0.265999964,,
0.21787750721,2,0.297000101,,
0.211539790034,1,0.031999996,,
0.21176867187,1,0.062999895,,
0.221766069531,1,0.094000032,,
0.203461408615,1,0.140999964,,
0.193632632494,1,0.172000101,,
0.211652636528,1,0.203,,
0.201256126165,1,0.235000065,,
0.189129203558,1,0.265999964,,
0.200095325708,1,0.297000101,,
0.203296110034,1,0.328,,
0.204009443521,2,0.031999996,,
0.210988327861,2,0.062999895,,
0.19766792655,2,0.094000032,,
0.204206556082,2,0.140999964,,
0.200043201447,1,0.031999996,,
0.205178931355,1,0.062999895,,
0.202049180865,1,0.094000032,,
0.190505117178,1,0.140999964,,
0.193939834833,1,0.172000101,,
0.194146826863,1,0.203,,
0.199733480811,1,0.235000065,,
0.195516481996,1,0.265999964,,
0.203933790326,1,0.297000101,,
0.197003349662,1,0.328,,
0.205839037895,1,0.374999931,,
0.194336235523,2,0.031999996,,
0.2115213871,2,0.062999895,,
0.200787588954,2,0.094000032,,
0.202118203044,2,0.140999964,,
0.206391856074,2,0.172000101,,
0.204489901662,2,0.203,,
0.202004000545,2,0.235000065,,
0.214662358165,2,0.265999964,,
0.197960093617,2,0.297000101,,
0.191257312894,2,0.328,,
0.203830629587,2,0.374999931,,
0.211903691292,2,0.406999996,,
0.215336158872,2,0.437999895,,
0.204936057329,2,0.469000032,,
0.198095589876,2,0.499999931,,
0.211283475161,2,0.531999996,,
0.192499160767,2,0.578,,
0.194624394178,2,0.610000065,,
0.196318387985,2,0.672000101,,
0.196317613125,2,0.703,,
0.194402009249,2,0.735000065,,
0.21064119041,2,0.765999964,,
0.192297533154,2,0.797000101,,
0.211015298963,2,0.844000032,,
0.195365041494,2,0.874999931,,
0.203125804663,2,0.906999996,,
0.215626388788,2,0.937999895,,
0.186756372452,2,0.969000032,,
0.201509982347,2,0.999999931,,
0.201095223427,2,1.031999996,,
0.211830765009,2,1.062999895,,
0.204341843724,2,1.110000065,,
0.208981275558,2,1.140999964,,
0.197185561061,2,1.172000101,,
0.209371656179,2,1.203,,
0.206454753876,2,1.235000065,,
0.190978527069,2,1.265999964,,
0.186726331711,2,1.297000101,,
0.196012526751,2,0.031999996,,
0.189472720027,2,0.062999895,,
0.196298986673,2,0.094000032,,
0.197840601206,2,0.140999964,,
0.186670094728,2,0.172000101,,
0.198691561818,2,0.203,,
0.200062245131,2,0.235000065,,
0.195662483573,2,0.265999964,,
0.198777601123,2,0.297000101,,
0.196738764644,2,0.328,,
0.197917342186,2,0.374999931,,
0.197884261608,2,0.406999996,,
0.19968649745,2,0.437999895,,
0.209848001599,2,0.469000032,,
0.206479713321,2,0.499999931,,
0.20109295845,2,0.531999996,,
0.184130743146,2,0.578,,
0.185288310051,2,0.610000065,,
0.195523515344,2,0.672000101,,
0.207139641047,2,0.703,,
0.205986216664,2,0.735000065,,
0.199311614037,2,0.765999964,,
0.204307630658,2,0.797000101,,
0.220406800508,2,0.844000032,,
0.20129828155,2,0.874999931,,
0.192639514804,2,0.906999996,,
0.198927745223,2,0.937999895,,
0.202208563685,2,0.969000032,,
0.200399205089,2,0.999999931,,
0.210021257401,2,1.031999996,,
0.205333381891,2,1.062999895,,
0.19841131568,2,1.110000065,,
0.200762942433,2,1.140999964,,
0.200555950403,2,1.172000101,,
0.209043219686,2,1.203,,
0.244787573814,2,1.235000065,,
0.221410781145,2,1.265999964,,
0.202411577106,2,1.297000101,,
0.232817575336,2,1.344000032,,
0.228737041354,2,1.374999931,,
0.198676496744,2,1.406999996,,
0.196684539318,2,1.437999895,,
0.200658291578,2,1.469000032,,
0.203694313765,2,1.499999931,,
0.203975841403,2,0.031999996,,
0.204499647021,2,0.062999895,,
0.231456369162,2,0.094000032,,
0.200654193759,2,0.140999964,,
0.20338305831,2,0.172000101,,
0.197329252958,2,0.203,,
0.198340326548,2,0.235000065,,
0.20830591023,2,0.265999964,,
0.209621623158,2,0.297000101,,
0.200054377317,2,0.328,,
0.199248924851,2,0.374999931,,
0.189075440168,2,0.406999996,,
0.198263138533,2,0.437999895,,
0.202729791403,2,0.469000032,,
0.192168831825,2,0.499999931,,
0.196829721332,2,0.531999996,,
0.200198739767,2,0.578,,
0.2003788203,2,0.610000065,,
0.197745397687,2,0.672000101,,
0.199389755726,2,0.703,,
0.202155590057,2,0.735000065,,
0.196848735213,2,0.765999964,,
0.203535720706,2,0.797000101,,
0.204176232219,2,0.844000032,,
0.203913763165,2,0.874999931,,
0.20140580833,2,0.906999996,,
0.195324018598,2,0.937999895,,
0.190817072988,2,0.969000032,,
0.197434529662,2,0.999999931,,
0.195855796337,2,1.031999996,,
0.218609720469,2,1.062999895,,
0.196568354964,2,1.110000065,,
0.194383531809,2,1.140999964,,
0.195358246565,2,1.172000101,,
0.195155069232,1,0.031999996,,
0.197874754667,1,0.062999895,,
0.197540357709,1,0.094000032,,
0.189257189631,1,0.140999964,,
0.191388055682,1,0.172000101,,
0.196040734649,1,0.203,,
0.196578741074,1,0.235000065,,
0.190270617604,1,0.265999964,,
0.195943653584,1,0.297000101,,
0.198752492666,1,0.328,,
0.192290648818,1,0.374999931,,
0.199042528868,1,0.406999996,,
0.199326112866,1,0.437999895,,
0.203988000751,1,0.469000032,,
0.193846076727,1,0.499999931,,
0.19327943027,1,0.531999996,,
0.193449229002,1,0.578,,
0.19502286613,1,0.610000065,,
0.191830456257,2,0.031999996,,
0.19058445096,2,0.062999895,,
0.195407032967,2,0.094000032,,
0.181982010603,1,0.031999996,,
0.184616774321,1,0.062999895,,
0.188065707684,1,0.094000032,,
0.1945733428,1,0.140999964,,
0.195000708103,1,0.172000101,,
0.187163561583,1,0.203,,
0.184467449784,1,0.235000065,,
0.187867060304,1,0.265999964,,
0.189837545156,1,0.297000101,,
0.193802684546,1,0.328,,
0.187263578176,1,0.374999931,,
0.198741868138,2,0.031999996,,
0.200867056847,2,0.062999895,,
0.185568273067,2,0.094000032,,
0.19505558908,2,0.140999964,,
0.173449963331,2,0.172000101,,
0.198317468166,2,0.203,,
0.206544280052,2,0.235000065,,
0.197292819619,2,0.265999964,,
0.192525967956,2,0.297000101,,
0.194722563028,2,0.328,,
0.194117978215,2,0.374999931,,
0.195934981108,2,0.406999996,,
0.196499347687,2,0.437999895,,
0.200015977025,2,0.469000032,,
0.194333583117,2,0.499999931,,
0.194027349353,2,0.531999996,,
0.196066558361,2,0.578,,
0.187798246741,2,0.610000065,,
0.188963234425,2,0.672000101,,
0.190714389086,2,0.703,,
0.199319556355,2,0.735000065,,
0.189260989428,2,0.765999964,,
0.193992897868,2,0.797000101,,
0.189056947827,2,0.844000032,,
0.20383259654,2,0.874999931,,
0.182694941759,2,0.906999996,,
0.194867670536,2,0.937999895,,
0.191670611501,2,0.969000032,,
0.191307410598,2,0.999999931,,
0.185457676649,2,1.031999996,,
0.177594646811,2,1.062999895,,
0.188705548644,2,1.110000065,,
0.185251057148,2,1.140999964,,
0.177670553327,2,1.172000101,,
0.18907520175,2,1.203,,
0.18063776195,2,1.235000065,,
0.180448353291,2,1.265999964,,
0.155195146799,2,1.297000101,,
0.160638868809,2,1.344000032,,
0.163474395871,2,1.374999931,,
0.160985276103,2,1.406999996,,
0.143045276403,2,1.437999895,,
0.164424940944,2,1.469000032,,
0.166148871183,2,1.499999931,,
0.162675783038,2,1.531999996,,
0.178749114275,2,1.578,,
0.160170629621,2,1.610000065,,
0.175114244223,2,1.640999964,,
0.155158609152,2,1.672000101,,
0.158569961786,2,1.703,,
0.156517073512,2,1.735000065,,
0.167223200202,2,1.765999964,,
0.156268849969,2,1.797000101,,
0.148215889931,2,1.844000032,,
0.16485875845,2,1.874999931,,
0.140533491969,2,1.906999996,,
0.166198924184,2,1.937999895,,
0.139330238104,2,1.969000032,,
0.150005653501,2,1.999999931,,
0.166359990835,2,2.031999996,,
0.162112042308,2,2.078,,
0.157422840595,2,2.110000065,,
0.181832760572,2,2.140999964,,
0.169276699424,2,2.172000101,,
0.170266240835,2,2.203,,
0.168766140938,2,2.235000065,,
0.148551806808,2,2.265999964,,
0.164928048849,2,2.312999895,,
0.163755506277,2,2.344000032,,
0.148258775473,2,2.374999931,,
0.182528346777,2,0.031999996,,
0.166550964117,2,0.062999895,,
0.184205576777,2,0.094000032,,
0.167390912771,2,0.140999964,,
0.165482729673,2,0.172000101,,
0.169013947248,2,0.203,,
0.170772254467,2,0.235000065,,
0.169813141227,2,0.265999964,,
0.146513089538,2,0.297000101,,
0.154063776135,2,0.328,,
0.149676531553,2,0.374999931,,
0.165983885527,2,0.406999996,,
0.150807797909,2,0.437999895,,
0.170884370804,2,0.469000032,,
0.169225096703,2,0.499999931,,
0.184265106916,2,0.531999996,,
0.15390253067,2,0.578,,
0.168480962515,2,0.610000065,,
0.146758943796,2,0.672000101,,
0.153326585889,2,0.703,,
0.150293752551,2,0.735000065,,
0.149832159281,2,0.765999964,,